timestamp,memory_used,gpu_util,time_sec
2025-07-16 12:31:59.850,1.0,0.0,0.0
2025-07-16 12:32:04.923,1.0,0.0,5.073
2025-07-16 12:32:09.974,106.0,1.0,10.124
2025-07-16 12:32:15.019,464.0,21.0,15.169
2025-07-16 12:32:20.064,1290.0,59.0,20.214
2025-07-16 12:32:25.108,1430.0,60.0,25.258
2025-07-16 12:32:30.154,486.0,59.0,30.304
2025-07-16 12:32:35.201,1430.0,59.0,35.351
2025-07-16 12:32:40.248,588.0,60.0,40.398
2025-07-16 12:32:45.293,690.0,59.0,45.443
2025-07-16 12:32:50.337,1430.0,59.0,50.487
2025-07-16 12:32:55.382,1422.0,58.0,55.532
2025-07-16 12:33:00.426,860.0,59.0,60.576
2025-07-16 12:33:05.474,456.0,58.0,65.624
2025-07-16 12:33:10.548,1154.0,59.0,70.698
2025-07-16 12:33:15.593,1190.0,59.0,75.743
2025-07-16 12:33:20.639,858.0,59.0,80.789
2025-07-16 12:33:25.684,520.0,58.0,85.834
2025-07-16 12:33:30.727,1230.0,58.0,90.877
2025-07-16 12:33:35.773,1350.0,59.0,95.923
2025-07-16 12:33:40.816,1430.0,58.0,100.966
2025-07-16 12:33:45.860,1110.0,60.0,106.01
2025-07-16 12:33:50.904,1430.0,59.0,111.054
2025-07-16 12:33:55.950,1190.0,60.0,116.1
2025-07-16 12:34:00.995,1430.0,58.0,121.145
2025-07-16 12:34:06.043,1010.0,60.0,126.193
2025-07-16 12:34:11.087,470.0,59.0,131.237
2025-07-16 12:34:16.131,1430.0,59.0,136.281
2025-07-16 12:34:21.178,670.0,59.0,141.328
2025-07-16 12:34:26.222,1110.0,57.0,146.372
2025-07-16 12:34:31.267,670.0,59.0,151.417
2025-07-16 12:34:36.311,770.0,58.0,156.461
2025-07-16 12:34:41.356,1154.0,58.0,161.506
2025-07-16 12:34:46.402,1046.0,60.0,166.552
2025-07-16 12:34:51.446,1038.0,59.0,171.596
2025-07-16 12:34:56.490,1430.0,60.0,176.64
2025-07-16 12:35:01.538,690.0,59.0,181.688
2025-07-16 12:35:06.582,486.0,58.0,186.732
2025-07-16 12:35:11.626,610.0,59.0,191.776
2025-07-16 12:35:16.670,1430.0,59.0,196.82
2025-07-16 12:35:21.716,1430.0,60.0,201.866
2025-07-16 12:35:26.761,1430.0,59.0,206.911
2025-07-16 12:35:31.810,888.0,60.0,211.96
2025-07-16 12:35:36.854,1150.0,60.0,217.004
2025-07-16 12:35:41.898,850.0,59.0,222.048
2025-07-16 12:35:46.943,1430.0,59.0,227.093
2025-07-16 12:35:51.990,1430.0,59.0,232.14
2025-07-16 12:35:57.035,1410.0,58.0,237.185
2025-07-16 12:36:02.079,672.0,59.0,242.229
2025-07-16 12:36:07.123,958.0,59.0,247.273
2025-07-16 12:36:12.169,854.0,59.0,252.319
2025-07-16 12:36:17.213,1430.0,59.0,257.363
2025-07-16 12:36:22.260,458.0,60.0,262.41
2025-07-16 12:36:27.306,524.0,59.0,267.456
2025-07-16 12:36:32.350,480.0,60.0,272.5
2025-07-16 12:36:37.395,912.0,60.0,277.545
2025-07-16 12:36:42.439,1150.0,61.0,282.589
2025-07-16 12:36:47.483,910.0,59.0,287.633
2025-07-16 12:36:52.528,1430.0,59.0,292.678
2025-07-16 12:36:57.574,1430.0,59.0,297.724
2025-07-16 12:37:02.621,1430.0,59.0,302.771
2025-07-16 12:37:07.668,912.0,58.0,307.818
2025-07-16 12:37:12.713,460.0,59.0,312.863
2025-07-16 12:37:17.758,436.0,59.0,317.908
2025-07-16 12:37:22.802,1430.0,59.0,322.952
2025-07-16 12:37:27.850,970.0,60.0,328.0
2025-07-16 12:37:32.896,1040.0,59.0,333.046
2025-07-16 12:37:37.940,1430.0,58.0,338.09
2025-07-16 12:37:42.987,580.0,59.0,343.137
2025-07-16 12:37:48.032,494.0,57.0,348.182
2025-07-16 12:37:53.077,512.0,67.0,353.227
2025-07-16 12:37:58.123,292.0,67.0,358.273
2025-07-16 12:38:03.168,492.0,67.0,363.318
2025-07-16 12:38:08.216,412.0,67.0,368.366
2025-07-16 12:38:13.261,492.0,67.0,373.411
2025-07-16 12:38:18.306,512.0,67.0,378.456
2025-07-16 12:38:23.350,512.0,62.0,383.5
2025-07-16 12:38:28.395,512.0,61.0,388.545
2025-07-16 12:38:33.440,290.0,63.0,393.59
2025-07-16 12:38:38.484,290.0,63.0,398.634
2025-07-16 12:38:43.529,512.0,62.0,403.679
2025-07-16 12:38:48.573,492.0,62.0,408.723
2025-07-16 12:38:53.618,392.0,67.0,413.768
2025-07-16 12:38:58.663,394.0,67.0,418.813
2025-07-16 12:39:03.707,434.0,67.0,423.857
2025-07-16 12:39:08.753,512.0,67.0,428.903
2025-07-16 12:39:13.799,452.0,67.0,433.949
2025-07-16 12:39:18.842,492.0,67.0,438.992
2025-07-16 12:39:23.887,512.0,67.0,444.037
2025-07-16 12:39:28.934,452.0,67.0,449.084
2025-07-16 12:39:33.979,512.0,67.0,454.129
2025-07-16 12:39:39.026,332.0,67.0,459.176
2025-07-16 12:39:44.071,352.0,68.0,464.221
2025-07-16 12:39:49.116,292.0,68.0,469.266
2025-07-16 12:39:54.161,492.0,68.0,474.311
2025-07-16 12:39:59.209,352.0,69.0,479.359
2025-07-16 12:40:04.253,292.0,68.0,484.403
2025-07-16 12:40:09.300,292.0,68.0,489.45
2025-07-16 12:40:14.344,330.0,68.0,494.494
2025-07-16 12:40:19.389,392.0,67.0,499.539
2025-07-16 12:40:24.433,372.0,68.0,504.583
2025-07-16 12:40:29.477,512.0,68.0,509.627
2025-07-16 12:40:34.523,264.0,64.0,514.673
2025-07-16 12:40:39.565,456.0,60.0,519.715
2025-07-16 12:40:44.609,1430.0,60.0,524.759
2025-07-16 12:40:49.654,860.0,59.0,529.804
2025-07-16 12:40:54.698,860.0,59.0,534.848
2025-07-16 12:40:59.743,1430.0,60.0,539.893
2025-07-16 12:41:04.789,478.0,59.0,544.939
2025-07-16 12:41:09.833,970.0,60.0,549.983
2025-07-16 12:41:14.879,1430.0,60.0,555.029
2025-07-16 12:41:19.924,1128.0,59.0,560.074
2025-07-16 12:41:24.968,1350.0,59.0,565.118
2025-07-16 12:41:30.013,1330.0,60.0,570.163
2025-07-16 12:41:35.061,916.0,58.0,575.211
2025-07-16 12:41:40.104,1128.0,59.0,580.254
2025-07-16 12:41:45.150,1430.0,59.0,585.3
2025-07-16 12:41:50.197,1190.0,59.0,590.347
2025-07-16 12:41:55.242,1430.0,59.0,595.392
2025-07-16 12:42:00.289,1430.0,59.0,600.439
2025-07-16 12:42:05.334,456.0,60.0,605.484
2025-07-16 12:42:10.378,890.0,60.0,610.528
2025-07-16 12:42:15.423,560.0,59.0,615.573
2025-07-16 12:42:20.467,1430.0,59.0,620.617
2025-07-16 12:42:25.513,490.0,59.0,625.663
2025-07-16 12:42:30.558,610.0,60.0,630.708
2025-07-16 12:42:35.603,978.0,58.0,635.753
2025-07-16 12:42:40.648,1310.0,59.0,640.798
2025-07-16 12:42:45.693,1422.0,60.0,645.843
2025-07-16 12:42:50.738,970.0,59.0,650.888
2025-07-16 12:42:55.782,672.0,60.0,655.932
2025-07-16 12:43:00.828,1430.0,59.0,660.978
2025-07-16 12:43:05.876,1050.0,59.0,666.026
2025-07-16 12:43:10.922,454.0,60.0,671.072
2025-07-16 12:43:15.966,460.0,59.0,676.116
2025-07-16 12:43:21.012,1430.0,60.0,681.162
2025-07-16 12:43:26.060,860.0,59.0,686.21
2025-07-16 12:43:31.104,856.0,59.0,691.254
2025-07-16 12:43:36.148,852.0,60.0,696.298
2025-07-16 12:43:41.193,1430.0,60.0,701.343
2025-07-16 12:43:46.240,770.0,61.0,706.39
2025-07-16 12:43:51.284,860.0,59.0,711.434
2025-07-16 12:43:56.330,1430.0,59.0,716.48
2025-07-16 12:44:01.375,690.0,58.0,721.525
2025-07-16 12:44:06.420,1190.0,59.0,726.57
2025-07-16 12:44:11.465,850.0,59.0,731.615
2025-07-16 12:44:16.511,860.0,59.0,736.661
2025-07-16 12:44:21.556,690.0,59.0,741.706
2025-07-16 12:44:26.600,498.0,58.0,746.75
2025-07-16 12:44:31.646,1424.0,60.0,751.796
2025-07-16 12:44:36.689,854.0,60.0,756.839
2025-07-16 12:44:41.735,1430.0,60.0,761.885
2025-07-16 12:44:46.782,1430.0,59.0,766.932
2025-07-16 12:44:51.829,1430.0,60.0,771.979
2025-07-16 12:44:56.875,1430.0,58.0,777.025
2025-07-16 12:45:01.923,1430.0,61.0,782.073
2025-07-16 12:45:06.970,1430.0,58.0,787.12
2025-07-16 12:45:12.018,862.0,58.0,792.168
2025-07-16 12:45:17.062,460.0,58.0,797.212
2025-07-16 12:45:22.106,458.0,60.0,802.256
2025-07-16 12:45:27.150,1430.0,59.0,807.3
2025-07-16 12:45:32.203,494.0,60.0,812.353
2025-07-16 12:45:37.247,1038.0,59.0,817.397
2025-07-16 12:45:42.292,1430.0,59.0,822.442
2025-07-16 12:45:47.340,442.0,59.0,827.49
2025-07-16 12:45:52.385,1430.0,60.0,832.535
2025-07-16 12:45:57.431,690.0,58.0,837.581
2025-07-16 12:46:02.475,860.0,59.0,842.625
2025-07-16 12:46:07.522,520.0,59.0,847.672
2025-07-16 12:46:12.568,478.0,59.0,852.718
2025-07-16 12:46:17.609,276.0,58.0,857.759
2025-07-16 12:46:22.655,438.0,58.0,862.805
2025-07-16 12:46:27.700,498.0,58.0,867.85
2025-07-16 12:46:32.744,320.0,58.0,872.894
2025-07-16 12:46:37.788,498.0,57.0,877.938
2025-07-16 12:46:42.831,458.0,58.0,882.981
2025-07-16 12:46:47.876,278.0,58.0,888.026
2025-07-16 12:46:52.919,418.0,0.0,893.069
2025-07-16 12:46:57.963,356.0,58.0,898.113
2025-07-16 12:47:03.007,498.0,59.0,903.157
2025-07-16 12:47:08.051,378.0,58.0,908.201
2025-07-16 12:47:13.097,274.0,58.0,913.247
2025-07-16 12:47:18.141,420.0,58.0,918.291
2025-07-16 12:47:23.186,498.0,59.0,923.336
2025-07-16 12:47:28.229,258.0,58.0,928.379
2025-07-16 12:47:33.273,358.0,58.0,933.423
2025-07-16 12:47:38.317,338.0,58.0,938.467
2025-07-16 12:47:43.361,498.0,59.0,943.511
2025-07-16 12:47:48.408,478.0,59.0,948.558
2025-07-16 12:47:53.453,478.0,59.0,953.603
2025-07-16 12:47:58.499,378.0,58.0,958.649
2025-07-16 12:48:03.543,278.0,58.0,963.693
2025-07-16 12:48:08.588,276.0,59.0,968.738
2025-07-16 12:48:13.633,378.0,60.0,973.783
2025-07-16 12:48:18.677,478.0,59.0,978.827
2025-07-16 12:48:23.722,438.0,60.0,983.872
2025-07-16 12:48:28.767,358.0,60.0,988.917
2025-07-16 12:48:33.812,378.0,59.0,993.962
2025-07-16 12:48:38.857,376.0,60.0,999.007
2025-07-16 12:48:43.902,478.0,59.0,1004.052
2025-07-16 12:48:48.947,498.0,60.0,1009.097
2025-07-16 12:48:53.992,498.0,61.0,1014.142
2025-07-16 12:48:59.037,400.0,61.0,1019.187
2025-07-16 12:49:04.082,498.0,60.0,1024.232
2025-07-16 12:49:09.128,358.0,60.0,1029.278
2025-07-16 12:49:14.173,498.0,59.0,1034.323
2025-07-16 12:49:19.218,498.0,60.0,1039.368
2025-07-16 12:49:24.264,498.0,60.0,1044.414
2025-07-16 12:49:29.308,266.0,60.0,1049.458
2025-07-16 12:49:34.351,1430.0,59.0,1054.501
2025-07-16 12:49:39.398,690.0,60.0,1059.548
2025-07-16 12:49:44.442,1128.0,60.0,1064.592
2025-07-16 12:49:49.486,1270.0,59.0,1069.636
2025-07-16 12:49:54.531,1430.0,58.0,1074.681
2025-07-16 12:49:59.578,854.0,60.0,1079.728
2025-07-16 12:50:04.624,970.0,58.0,1084.774
2025-07-16 12:50:09.669,1430.0,60.0,1089.819
2025-07-16 12:50:14.716,528.0,60.0,1094.866
2025-07-16 12:50:19.762,1158.0,61.0,1099.912
2025-07-16 12:50:24.806,1430.0,59.0,1104.956
2025-07-16 12:50:29.852,490.0,59.0,1110.002
2025-07-16 12:50:34.897,1430.0,59.0,1115.047
2025-07-16 12:50:39.945,1430.0,59.0,1120.095
2025-07-16 12:50:44.993,1018.0,58.0,1125.143
2025-07-16 12:50:50.037,1158.0,59.0,1130.187
2025-07-16 12:50:55.082,1026.0,59.0,1135.232
2025-07-16 12:51:00.127,1430.0,59.0,1140.277
2025-07-16 12:51:05.174,458.0,59.0,1145.324
2025-07-16 12:51:10.218,998.0,59.0,1150.368
2025-07-16 12:51:15.263,482.0,59.0,1155.413
2025-07-16 12:51:20.308,456.0,60.0,1160.458
2025-07-16 12:51:25.351,914.0,60.0,1165.501
2025-07-16 12:51:30.397,526.0,60.0,1170.547
2025-07-16 12:51:35.441,1024.0,59.0,1175.591
2025-07-16 12:51:40.484,1426.0,60.0,1180.634
2025-07-16 12:51:45.528,582.0,60.0,1185.678
2025-07-16 12:51:50.572,1110.0,59.0,1190.722
2025-07-16 12:51:55.616,850.0,60.0,1195.766
2025-07-16 12:52:00.661,1430.0,59.0,1200.811
2025-07-16 12:52:05.708,1238.0,59.0,1205.858
2025-07-16 12:52:10.753,460.0,59.0,1210.903
2025-07-16 12:52:15.797,1240.0,59.0,1215.947
2025-07-16 12:52:20.842,584.0,60.0,1220.992
2025-07-16 12:52:25.886,1430.0,60.0,1226.036
2025-07-16 12:52:30.933,504.0,59.0,1231.083
2025-07-16 12:52:35.979,690.0,59.0,1236.129
2025-07-16 12:52:41.025,1310.0,60.0,1241.175
2025-07-16 12:52:46.068,1430.0,59.0,1246.218
2025-07-16 12:52:51.116,1430.0,60.0,1251.266
2025-07-16 12:52:56.162,1430.0,60.0,1256.312
2025-07-16 12:53:01.211,1024.0,60.0,1261.361
2025-07-16 12:53:06.256,1430.0,60.0,1266.406
2025-07-16 12:53:11.302,1430.0,60.0,1271.452
2025-07-16 12:53:16.350,860.0,61.0,1276.5
2025-07-16 12:53:21.397,850.0,60.0,1281.547
2025-07-16 12:53:26.444,1430.0,60.0,1286.594
2025-07-16 12:53:31.490,1370.0,59.0,1291.64
2025-07-16 12:53:36.535,1430.0,59.0,1296.685
2025-07-16 12:53:41.579,488.0,59.0,1301.729
2025-07-16 12:53:46.623,1430.0,59.0,1306.773
2025-07-16 12:53:51.670,456.0,59.0,1311.82
2025-07-16 12:53:56.714,1430.0,59.0,1316.864
2025-07-16 12:54:01.761,1430.0,58.0,1321.911
2025-07-16 12:54:06.810,1148.0,59.0,1326.96
2025-07-16 12:54:11.856,1430.0,59.0,1332.006
2025-07-16 12:54:16.903,860.0,59.0,1337.053
2025-07-16 12:54:21.949,1430.0,59.0,1342.099
2025-07-16 12:54:26.996,1400.0,59.0,1347.146
2025-07-16 12:54:32.040,1430.0,60.0,1352.19
2025-07-16 12:54:37.086,1290.0,59.0,1357.236
2025-07-16 12:54:42.131,1250.0,58.0,1362.281
2025-07-16 12:54:47.176,454.0,59.0,1367.326
2025-07-16 12:54:52.221,1170.0,59.0,1372.371
2025-07-16 12:54:57.265,660.0,59.0,1377.415
2025-07-16 12:55:02.309,492.0,59.0,1382.459
2025-07-16 12:55:07.355,724.0,0.0,1387.505
2025-07-16 12:55:12.397,518.0,61.0,1392.547
2025-07-16 12:55:17.441,498.0,61.0,1397.591
2025-07-16 12:55:22.485,340.0,61.0,1402.635
2025-07-16 12:55:27.530,356.0,61.0,1407.68
2025-07-16 12:55:32.574,358.0,61.0,1412.724
2025-07-16 12:55:37.618,498.0,61.0,1417.768
2025-07-16 12:55:42.663,400.0,8.0,1422.813
2025-07-16 12:55:47.705,498.0,61.0,1427.855
2025-07-16 12:55:52.750,518.0,62.0,1432.9
2025-07-16 12:55:57.795,498.0,62.0,1437.945
2025-07-16 12:56:02.840,378.0,61.0,1442.99
2025-07-16 12:56:07.885,400.0,62.0,1448.035
2025-07-16 12:56:12.929,498.0,62.0,1453.079
2025-07-16 12:56:17.975,518.0,62.0,1458.125
2025-07-16 12:56:23.019,336.0,62.0,1463.169
2025-07-16 12:56:28.063,498.0,62.0,1468.213
2025-07-16 12:56:33.107,340.0,61.0,1473.257
2025-07-16 12:56:38.151,518.0,61.0,1478.301
2025-07-16 12:56:43.196,398.0,62.0,1483.346
2025-07-16 12:56:48.240,380.0,61.0,1488.39
2025-07-16 12:56:53.284,358.0,62.0,1493.434
2025-07-16 12:56:58.327,518.0,62.0,1498.477
2025-07-16 12:57:03.372,418.0,63.0,1503.522
2025-07-16 12:57:08.418,398.0,63.0,1508.568
2025-07-16 12:57:13.464,518.0,63.0,1513.614
2025-07-16 12:57:18.509,418.0,62.0,1518.659
2025-07-16 12:57:23.554,296.0,59.0,1523.704
2025-07-16 12:57:28.598,518.0,63.0,1528.748
2025-07-16 12:57:33.644,296.0,62.0,1533.794
2025-07-16 12:57:38.687,378.0,63.0,1538.837
2025-07-16 12:57:43.731,518.0,63.0,1543.881
2025-07-16 12:57:48.777,518.0,63.0,1548.927
2025-07-16 12:57:53.822,278.0,63.0,1553.972
2025-07-16 12:57:58.867,498.0,62.0,1559.017
2025-07-16 12:58:03.912,498.0,62.0,1564.062
2025-07-16 12:58:08.958,340.0,63.0,1569.108
2025-07-16 12:58:14.002,268.0,0.0,1574.152
2025-07-16 12:58:19.045,916.0,58.0,1579.195
2025-07-16 12:58:24.089,860.0,59.0,1584.239
2025-07-16 12:58:29.137,860.0,59.0,1589.287
2025-07-16 12:58:34.184,1150.0,58.0,1594.334
2025-07-16 12:58:39.229,588.0,59.0,1599.379
2025-07-16 12:58:44.274,860.0,59.0,1604.424
2025-07-16 12:58:49.320,1430.0,59.0,1609.47
2025-07-16 12:58:54.366,1430.0,59.0,1614.516
2025-07-16 12:58:59.414,858.0,59.0,1619.564
2025-07-16 12:59:04.457,1150.0,58.0,1624.607
2025-07-16 12:59:09.501,1218.0,58.0,1629.651
2025-07-16 12:59:14.545,672.0,61.0,1634.695
2025-07-16 12:59:19.591,1154.0,60.0,1639.741
2025-07-16 12:59:24.635,1018.0,59.0,1644.785
2025-07-16 12:59:29.680,1090.0,60.0,1649.83
2025-07-16 12:59:34.724,528.0,59.0,1654.874
2025-07-16 12:59:39.769,580.0,60.0,1659.919
2025-07-16 12:59:44.814,1430.0,59.0,1664.964
2025-07-16 12:59:49.862,692.0,58.0,1670.012
2025-07-16 12:59:54.906,1430.0,58.0,1675.056
2025-07-16 12:59:59.953,528.0,59.0,1680.103
2025-07-16 13:00:04.997,610.0,60.0,1685.147
2025-07-16 13:00:10.042,1430.0,58.0,1690.192
2025-07-16 13:00:15.088,1430.0,58.0,1695.238
2025-07-16 13:00:20.134,868.0,59.0,1700.284
2025-07-16 13:00:25.177,590.0,59.0,1705.327
2025-07-16 13:00:30.222,1430.0,59.0,1710.372
2025-07-16 13:00:35.270,1198.0,59.0,1715.42
2025-07-16 13:00:40.314,1410.0,60.0,1720.464
2025-07-16 13:00:45.358,1390.0,59.0,1725.508
2025-07-16 13:00:50.403,582.0,59.0,1730.553
2025-07-16 13:00:55.447,584.0,59.0,1735.597
2025-07-16 13:01:00.493,1422.0,59.0,1740.643
2025-07-16 13:01:05.537,1156.0,59.0,1745.687
2025-07-16 13:01:10.581,1430.0,59.0,1750.731
2025-07-16 13:01:15.629,860.0,59.0,1755.779
2025-07-16 13:01:20.674,854.0,59.0,1760.824
2025-07-16 13:01:25.720,1040.0,59.0,1765.87
2025-07-16 13:01:30.763,1430.0,59.0,1770.913
2025-07-16 13:01:35.810,460.0,61.0,1775.96
2025-07-16 13:01:40.854,1026.0,59.0,1781.004
2025-07-16 13:01:45.899,586.0,59.0,1786.049
2025-07-16 13:01:50.944,508.0,59.0,1791.094
2025-07-16 13:01:55.988,1430.0,59.0,1796.138
2025-07-16 13:02:01.034,1430.0,60.0,1801.184
2025-07-16 13:02:06.079,1430.0,59.0,1806.229
2025-07-16 13:02:11.128,690.0,59.0,1811.278
2025-07-16 13:02:16.172,888.0,61.0,1816.322
2025-07-16 13:02:21.216,474.0,59.0,1821.366
2025-07-16 13:02:26.261,860.0,59.0,1826.411
2025-07-16 13:02:31.308,820.0,60.0,1831.458
2025-07-16 13:02:36.352,1148.0,59.0,1836.502
2025-07-16 13:02:41.397,1430.0,60.0,1841.547
2025-07-16 13:02:46.444,452.0,60.0,1846.594
2025-07-16 13:02:51.488,1430.0,58.0,1851.638
2025-07-16 13:02:56.536,1156.0,59.0,1856.686
2025-07-16 13:03:01.581,476.0,60.0,1861.731
2025-07-16 13:03:06.625,690.0,59.0,1866.775
2025-07-16 13:03:11.669,1430.0,59.0,1871.819
2025-07-16 13:03:16.714,1026.0,59.0,1876.864
2025-07-16 13:03:21.759,1154.0,59.0,1881.909
2025-07-16 13:03:26.804,1430.0,59.0,1886.954
2025-07-16 13:03:31.850,502.0,59.0,1892.0
2025-07-16 13:03:36.893,770.0,59.0,1897.043
2025-07-16 13:03:41.938,582.0,59.0,1902.088
2025-07-16 13:03:46.983,1430.0,58.0,1907.133
2025-07-16 13:03:52.030,724.0,0.0,1912.18
2025-07-16 13:03:57.074,296.0,60.0,1917.224
2025-07-16 13:04:02.118,498.0,59.0,1922.268
2025-07-16 13:04:07.163,398.0,59.0,1927.313
2025-07-16 13:04:12.209,356.0,59.0,1932.359
2025-07-16 13:04:17.252,518.0,59.0,1937.402
2025-07-16 13:04:22.298,498.0,59.0,1942.448
2025-07-16 13:04:27.344,400.0,59.0,1947.494
2025-07-16 13:04:32.386,518.0,59.0,1952.536
2025-07-16 13:04:37.429,458.0,59.0,1957.579
2025-07-16 13:04:42.473,518.0,61.0,1962.623
2025-07-16 13:04:47.518,498.0,60.0,1967.668
2025-07-16 13:04:52.565,518.0,60.0,1972.715
2025-07-16 13:04:57.610,498.0,60.0,1977.76
2025-07-16 13:05:02.655,400.0,60.0,1982.805
2025-07-16 13:05:07.699,518.0,60.0,1987.849
2025-07-16 13:05:12.744,336.0,60.0,1992.894
2025-07-16 13:05:17.789,518.0,60.0,1997.939
2025-07-16 13:05:22.834,518.0,60.0,2002.984
2025-07-16 13:05:27.879,418.0,60.0,2008.029
2025-07-16 13:05:32.924,478.0,60.0,2013.074
2025-07-16 13:05:37.970,440.0,60.0,2018.12
2025-07-16 13:05:43.014,418.0,60.0,2023.164
2025-07-16 13:05:48.059,418.0,61.0,2028.209
2025-07-16 13:05:53.102,420.0,60.0,2033.252
2025-07-16 13:05:58.146,498.0,60.0,2038.296
2025-07-16 13:06:03.192,400.0,61.0,2043.342
2025-07-16 13:06:08.237,518.0,61.0,2048.387
2025-07-16 13:06:13.281,318.0,61.0,2053.431
2025-07-16 13:06:18.324,276.0,60.0,2058.474
2025-07-16 13:06:23.368,398.0,60.0,2063.518
2025-07-16 13:06:28.412,398.0,61.0,2068.562
2025-07-16 13:06:33.456,518.0,61.0,2073.606
2025-07-16 13:06:38.500,298.0,60.0,2078.65
2025-07-16 13:06:43.543,358.0,61.0,2083.693
2025-07-16 13:06:48.587,518.0,60.0,2088.737
2025-07-16 13:06:53.632,418.0,62.0,2093.782
2025-07-16 13:06:58.675,498.0,61.0,2098.825
2025-07-16 13:07:03.722,268.0,1.0,2103.872
2025-07-16 13:07:08.765,1430.0,59.0,2108.915
2025-07-16 13:07:13.810,1430.0,60.0,2113.96
2025-07-16 13:07:18.857,458.0,60.0,2119.007
2025-07-16 13:07:23.901,500.0,58.0,2124.051
2025-07-16 13:07:28.946,1210.0,59.0,2129.096
2025-07-16 13:07:33.989,1430.0,58.0,2134.139
2025-07-16 13:07:39.035,860.0,59.0,2139.185
2025-07-16 13:07:44.083,918.0,59.0,2144.233
2025-07-16 13:07:49.127,1026.0,59.0,2149.277
2025-07-16 13:07:54.172,832.0,59.0,2154.322
2025-07-16 13:07:59.216,854.0,59.0,2159.366
2025-07-16 13:08:04.262,854.0,58.0,2164.412
2025-07-16 13:08:09.305,1430.0,59.0,2169.455
2025-07-16 13:08:14.355,1430.0,59.0,2174.505
2025-07-16 13:08:19.401,866.0,59.0,2179.551
2025-07-16 13:08:24.444,918.0,60.0,2184.594
2025-07-16 13:08:29.488,1430.0,60.0,2189.638
2025-07-16 13:08:34.537,454.0,59.0,2194.687
2025-07-16 13:08:39.580,860.0,59.0,2199.73
2025-07-16 13:08:44.626,1430.0,59.0,2204.776
2025-07-16 13:08:49.673,890.0,60.0,2209.823
2025-07-16 13:08:54.718,860.0,58.0,2214.868
2025-07-16 13:08:59.762,770.0,60.0,2219.912
2025-07-16 13:09:04.807,1130.0,60.0,2224.957
2025-07-16 13:09:09.851,860.0,59.0,2230.001
2025-07-16 13:09:14.895,1330.0,59.0,2235.045
2025-07-16 13:09:19.939,1430.0,58.0,2240.089
2025-07-16 13:09:24.986,650.0,58.0,2245.136
2025-07-16 13:09:30.030,1430.0,59.0,2250.18
2025-07-16 13:09:35.077,1430.0,59.0,2255.227
2025-07-16 13:09:40.123,692.0,60.0,2260.273
2025-07-16 13:09:45.166,1156.0,59.0,2265.316
2025-07-16 13:09:50.211,452.0,59.0,2270.361
2025-07-16 13:09:55.255,862.0,59.0,2275.405
2025-07-16 13:10:00.300,1430.0,59.0,2280.45
2025-07-16 13:10:05.347,1190.0,59.0,2285.497
2025-07-16 13:10:10.392,1040.0,58.0,2290.542
2025-07-16 13:10:15.436,868.0,60.0,2295.586
2025-07-16 13:10:20.480,1218.0,59.0,2300.63
2025-07-16 13:10:25.526,1430.0,59.0,2305.676
2025-07-16 13:10:30.570,456.0,60.0,2310.72
2025-07-16 13:10:35.614,850.0,60.0,2315.764
2025-07-16 13:10:40.659,1128.0,59.0,2320.809
2025-07-16 13:10:45.703,1430.0,59.0,2325.853
2025-07-16 13:10:50.751,1430.0,59.0,2330.901
2025-07-16 13:10:55.798,998.0,60.0,2335.948
2025-07-16 13:11:00.842,1430.0,60.0,2340.992
2025-07-16 13:11:05.889,856.0,59.0,2346.039
2025-07-16 13:11:10.933,510.0,59.0,2351.083
2025-07-16 13:11:15.977,912.0,60.0,2356.127
2025-07-16 13:11:21.022,474.0,59.0,2361.172
2025-07-16 13:11:26.066,860.0,59.0,2366.216
2025-07-16 13:11:31.112,1430.0,60.0,2371.262
2025-07-16 13:11:36.158,1430.0,58.0,2376.308
2025-07-16 13:11:41.207,1024.0,59.0,2381.357
2025-07-16 13:11:46.250,1450.0,59.0,2386.4
2025-07-16 13:11:51.296,832.0,59.0,2391.446
2025-07-16 13:11:56.341,1430.0,59.0,2396.491
2025-07-16 13:12:01.387,860.0,59.0,2401.537
2025-07-16 13:12:06.432,1430.0,59.0,2406.582
2025-07-16 13:12:11.479,1430.0,59.0,2411.629
2025-07-16 13:12:16.527,1430.0,60.0,2416.677
2025-07-16 13:12:21.574,456.0,58.0,2421.724
2025-07-16 13:12:26.618,514.0,59.0,2426.768
2025-07-16 13:12:31.663,466.0,60.0,2431.813
2025-07-16 13:12:36.708,1430.0,59.0,2436.858
2025-07-16 13:12:41.753,724.0,13.0,2441.903
2025-07-16 13:12:46.795,518.0,59.0,2446.945
2025-07-16 13:12:51.838,518.0,59.0,2451.988
2025-07-16 13:12:56.882,318.0,59.0,2457.032
2025-07-16 13:13:01.926,518.0,59.0,2462.076
2025-07-16 13:13:06.970,478.0,60.0,2467.12
2025-07-16 13:13:12.016,518.0,60.0,2472.166
2025-07-16 13:13:17.061,298.0,59.0,2477.211
2025-07-16 13:13:22.106,298.0,47.0,2482.256
2025-07-16 13:13:27.151,518.0,60.0,2487.301
2025-07-16 13:13:32.195,378.0,60.0,2492.345
2025-07-16 13:13:37.240,440.0,60.0,2497.39
2025-07-16 13:13:42.283,518.0,60.0,2502.433
2025-07-16 13:13:47.326,498.0,60.0,2507.476
2025-07-16 13:13:52.372,378.0,60.0,2512.522
2025-07-16 13:13:57.417,396.0,60.0,2517.567
2025-07-16 13:14:02.462,378.0,60.0,2522.612
2025-07-16 13:14:07.506,418.0,60.0,2527.656
2025-07-16 13:14:12.550,518.0,60.0,2532.7
2025-07-16 13:14:17.595,498.0,60.0,2537.745
2025-07-16 13:14:22.640,378.0,60.0,2542.79
2025-07-16 13:14:27.684,378.0,60.0,2547.834
2025-07-16 13:14:32.728,418.0,61.0,2552.878
2025-07-16 13:14:37.773,518.0,60.0,2557.923
2025-07-16 13:14:42.815,458.0,61.0,2562.965
2025-07-16 13:14:47.861,298.0,61.0,2568.011
2025-07-16 13:14:52.904,418.0,62.0,2573.054
2025-07-16 13:14:57.950,358.0,61.0,2578.1
2025-07-16 13:15:02.995,420.0,61.0,2583.145
2025-07-16 13:15:08.039,518.0,60.0,2588.189
2025-07-16 13:15:13.085,318.0,61.0,2593.235
2025-07-16 13:15:18.129,298.0,61.0,2598.279
2025-07-16 13:15:23.172,518.0,61.0,2603.322
2025-07-16 13:15:28.217,518.0,61.0,2608.367
2025-07-16 13:15:33.263,296.0,61.0,2613.413
2025-07-16 13:15:38.307,356.0,61.0,2618.457
2025-07-16 13:15:43.351,518.0,62.0,2623.501
2025-07-16 13:15:48.396,518.0,61.0,2628.546
2025-07-16 13:15:53.439,268.0,4.0,2633.589
2025-07-16 13:15:58.482,1450.0,59.0,2638.632
2025-07-16 13:16:03.528,1430.0,59.0,2643.678
2025-07-16 13:16:08.577,1430.0,59.0,2648.727
2025-07-16 13:16:13.625,1430.0,59.0,2653.775
2025-07-16 13:16:18.671,530.0,58.0,2658.821
2025-07-16 13:16:23.715,690.0,59.0,2663.865
2025-07-16 13:16:28.760,916.0,59.0,2668.91
2025-07-16 13:16:33.805,752.0,60.0,2673.955
2025-07-16 13:16:38.850,1150.0,59.0,2679.0
2025-07-16 13:16:43.893,1430.0,59.0,2684.043
2025-07-16 13:16:48.940,1430.0,60.0,2689.09
2025-07-16 13:16:53.986,586.0,59.0,2694.136
2025-07-16 13:16:59.031,466.0,58.0,2699.181
2025-07-16 13:17:04.076,1430.0,59.0,2704.226
2025-07-16 13:17:09.123,1270.0,59.0,2709.273
2025-07-16 13:17:14.168,866.0,59.0,2714.318
2025-07-16 13:17:19.211,1010.0,58.0,2719.361
2025-07-16 13:17:24.257,1320.0,60.0,2724.407
2025-07-16 13:17:29.301,458.0,59.0,2729.451
2025-07-16 13:17:34.347,890.0,59.0,2734.497
2025-07-16 13:17:39.391,492.0,60.0,2739.541
2025-07-16 13:17:44.435,1150.0,60.0,2744.585
2025-07-16 13:17:49.480,910.0,60.0,2749.63
2025-07-16 13:17:54.524,856.0,59.0,2754.674
2025-07-16 13:17:59.568,1410.0,60.0,2759.718
2025-07-16 13:18:04.613,930.0,61.0,2764.763
2025-07-16 13:18:09.658,1430.0,59.0,2769.808
2025-07-16 13:18:14.705,454.0,58.0,2774.855
2025-07-16 13:18:19.751,458.0,59.0,2779.901
2025-07-16 13:18:24.795,850.0,59.0,2784.945
2025-07-16 13:18:29.840,864.0,59.0,2789.99
2025-07-16 13:18:34.885,856.0,59.0,2795.035
2025-07-16 13:18:39.929,508.0,59.0,2800.079
2025-07-16 13:18:44.974,590.0,60.0,2805.124
2025-07-16 13:18:50.017,564.0,59.0,2810.167
2025-07-16 13:18:55.060,560.0,60.0,2815.21
2025-07-16 13:19:00.103,1050.0,60.0,2820.253
2025-07-16 13:19:05.149,958.0,60.0,2825.299
2025-07-16 13:19:10.192,752.0,59.0,2830.342
2025-07-16 13:19:15.237,690.0,59.0,2835.387
2025-07-16 13:19:20.282,852.0,58.0,2840.432
2025-07-16 13:19:25.328,1430.0,59.0,2845.478
2025-07-16 13:19:30.376,1430.0,59.0,2850.526
2025-07-16 13:19:35.423,1152.0,59.0,2855.573
2025-07-16 13:19:40.466,1018.0,59.0,2860.616
2025-07-16 13:19:45.511,1430.0,60.0,2865.661
2025-07-16 13:19:50.557,1430.0,58.0,2870.707
2025-07-16 13:19:55.605,530.0,59.0,2875.755
2025-07-16 13:20:00.650,1048.0,59.0,2880.8
2025-07-16 13:20:05.697,1390.0,59.0,2885.847
2025-07-16 13:20:10.742,560.0,60.0,2890.892
2025-07-16 13:20:15.788,526.0,58.0,2895.938
2025-07-16 13:20:20.831,1198.0,60.0,2900.981
2025-07-16 13:20:25.877,1330.0,59.0,2906.027
2025-07-16 13:20:30.920,1430.0,60.0,2911.07
2025-07-16 13:20:35.967,1430.0,59.0,2916.117
2025-07-16 13:20:41.012,1250.0,59.0,2921.162
2025-07-16 13:20:46.057,852.0,59.0,2926.207
2025-07-16 13:20:51.101,1430.0,59.0,2931.251
2025-07-16 13:20:56.147,862.0,60.0,2936.297
2025-07-16 13:21:01.191,526.0,61.0,2941.341
2025-07-16 13:21:06.235,1430.0,59.0,2946.385
2025-07-16 13:21:11.284,1430.0,60.0,2951.434
2025-07-16 13:21:16.331,1430.0,59.0,2956.481
2025-07-16 13:21:21.378,1430.0,59.0,2961.528
2025-07-16 13:21:26.425,1024.0,59.0,2966.575
2025-07-16 13:21:31.468,744.0,40.0,2971.618
2025-07-16 13:21:36.512,492.0,60.0,2976.662
2025-07-16 13:21:41.558,352.0,60.0,2981.708
2025-07-16 13:21:46.602,392.0,60.0,2986.752
2025-07-16 13:21:51.647,492.0,60.0,2991.797
2025-07-16 13:21:56.692,492.0,60.0,2996.842
2025-07-16 13:22:01.736,492.0,60.0,3001.886
2025-07-16 13:22:06.781,394.0,60.0,3006.931
2025-07-16 13:22:11.825,352.0,60.0,3011.975
2025-07-16 13:22:16.869,414.0,60.0,3017.019
2025-07-16 13:22:21.914,272.0,60.0,3022.064
2025-07-16 13:22:26.957,332.0,60.0,3027.107
2025-07-16 13:22:32.002,272.0,60.0,3032.152
2025-07-16 13:22:37.045,414.0,60.0,3037.195
2025-07-16 13:22:42.090,492.0,61.0,3042.24
2025-07-16 13:22:47.135,492.0,60.0,3047.285
2025-07-16 13:22:52.180,472.0,61.0,3052.33
2025-07-16 13:22:57.225,310.0,61.0,3057.375
2025-07-16 13:23:02.268,292.0,60.0,3062.418
2025-07-16 13:23:07.312,492.0,60.0,3067.462
2025-07-16 13:23:12.356,472.0,60.0,3072.506
2025-07-16 13:23:17.403,352.0,59.0,3077.553
2025-07-16 13:23:22.447,472.0,61.0,3082.597
2025-07-16 13:23:27.492,492.0,61.0,3087.642
2025-07-16 13:23:32.536,492.0,61.0,3092.686
2025-07-16 13:23:37.580,352.0,61.0,3097.73
2025-07-16 13:23:42.624,372.0,61.0,3102.774
2025-07-16 13:23:47.669,452.0,61.0,3107.819
2025-07-16 13:23:52.715,392.0,62.0,3112.865
2025-07-16 13:23:57.761,492.0,62.0,3117.911
2025-07-16 13:24:02.808,414.0,61.0,3122.958
2025-07-16 13:24:07.853,272.0,61.0,3128.003
2025-07-16 13:24:12.896,432.0,61.0,3133.046
2025-07-16 13:24:17.940,272.0,62.0,3138.09
2025-07-16 13:24:22.984,472.0,60.0,3143.134
2025-07-16 13:24:28.029,492.0,61.0,3148.179
2025-07-16 13:24:33.074,392.0,61.0,3153.224
2025-07-16 13:24:38.117,264.0,0.0,3158.267
2025-07-16 13:24:43.160,912.0,60.0,3163.31
2025-07-16 13:24:48.204,1430.0,59.0,3168.354
2025-07-16 13:24:53.249,1430.0,58.0,3173.399
2025-07-16 13:24:58.297,890.0,60.0,3178.447
2025-07-16 13:25:03.340,1430.0,59.0,3183.49
2025-07-16 13:25:08.385,1150.0,59.0,3188.535
2025-07-16 13:25:13.429,866.0,59.0,3193.579
2025-07-16 13:25:18.473,1090.0,59.0,3198.623
2025-07-16 13:25:23.517,1260.0,60.0,3203.667
2025-07-16 13:25:28.561,522.0,60.0,3208.711
2025-07-16 13:25:33.607,1424.0,58.0,3213.757
2025-07-16 13:25:38.651,1010.0,59.0,3218.801
2025-07-16 13:25:43.695,854.0,58.0,3223.845
2025-07-16 13:25:48.738,860.0,59.0,3228.888
2025-07-16 13:25:53.781,1430.0,60.0,3233.931
2025-07-16 13:25:58.826,508.0,60.0,3238.976
2025-07-16 13:26:03.870,1430.0,60.0,3244.02
2025-07-16 13:26:08.918,1070.0,59.0,3249.068
2025-07-16 13:26:13.962,590.0,59.0,3254.112
2025-07-16 13:26:19.009,456.0,59.0,3259.159
2025-07-16 13:26:24.053,1430.0,59.0,3264.203
2025-07-16 13:26:29.103,1430.0,61.0,3269.253
2025-07-16 13:26:34.148,1198.0,59.0,3274.298
2025-07-16 13:26:39.192,1198.0,59.0,3279.342
2025-07-16 13:26:44.235,1050.0,59.0,3284.385
2025-07-16 13:26:49.281,690.0,59.0,3289.431
2025-07-16 13:26:54.327,1430.0,59.0,3294.477
2025-07-16 13:26:59.375,1430.0,60.0,3299.525
2025-07-16 13:27:04.422,998.0,59.0,3304.572
2025-07-16 13:27:09.468,854.0,59.0,3309.618
2025-07-16 13:27:14.512,1430.0,58.0,3314.662
2025-07-16 13:27:19.559,1430.0,60.0,3319.709
2025-07-16 13:27:24.605,1430.0,59.0,3324.755
2025-07-16 13:27:29.652,1430.0,59.0,3329.802
2025-07-16 13:27:34.697,1430.0,59.0,3334.847
2025-07-16 13:27:39.744,1430.0,59.0,3339.894
2025-07-16 13:27:44.789,860.0,60.0,3344.939
2025-07-16 13:27:49.837,1430.0,60.0,3349.987
2025-07-16 13:27:54.885,1430.0,58.0,3355.035
2025-07-16 13:27:59.932,1430.0,59.0,3360.082
2025-07-16 13:28:04.977,1150.0,59.0,3365.127
2025-07-16 13:28:10.022,1430.0,59.0,3370.172
2025-07-16 13:28:15.068,1430.0,60.0,3375.218
2025-07-16 13:28:20.116,456.0,59.0,3380.266
2025-07-16 13:28:25.160,452.0,59.0,3385.31
2025-07-16 13:28:30.204,854.0,60.0,3390.354
2025-07-16 13:28:35.251,1430.0,59.0,3395.401
2025-07-16 13:28:40.298,1430.0,60.0,3400.448
2025-07-16 13:28:45.346,864.0,59.0,3405.496
2025-07-16 13:28:50.392,462.0,59.0,3410.542
2025-07-16 13:28:55.435,860.0,59.0,3415.585
2025-07-16 13:29:00.478,1430.0,59.0,3420.628
2025-07-16 13:29:05.525,458.0,59.0,3425.675
2025-07-16 13:29:10.568,530.0,59.0,3430.718
2025-07-16 13:29:15.613,1270.0,60.0,3435.763
2025-07-16 13:29:20.658,1430.0,59.0,3440.808
2025-07-16 13:29:25.706,1430.0,59.0,3445.856
2025-07-16 13:29:30.753,460.0,61.0,3450.903
2025-07-16 13:29:35.797,588.0,58.0,3455.947
2025-07-16 13:29:40.840,860.0,59.0,3460.99
2025-07-16 13:29:45.887,1430.0,59.0,3466.037
2025-07-16 13:29:50.934,852.0,60.0,3471.084
2025-07-16 13:29:55.978,1130.0,59.0,3476.128
2025-07-16 13:30:01.022,1410.0,59.0,3481.172
2025-07-16 13:30:06.068,908.0,59.0,3486.218
2025-07-16 13:30:11.113,1430.0,59.0,3491.263
2025-07-16 13:30:16.158,724.0,0.0,3496.308
2025-07-16 13:30:21.200,278.0,59.0,3501.35
2025-07-16 13:30:26.243,518.0,59.0,3506.393
2025-07-16 13:30:31.288,378.0,60.0,3511.438
2025-07-16 13:30:36.332,518.0,60.0,3516.482
2025-07-16 13:30:41.376,318.0,60.0,3521.526
2025-07-16 13:30:46.420,478.0,60.0,3526.57
2025-07-16 13:30:51.464,400.0,55.0,3531.614
2025-07-16 13:30:56.507,278.0,61.0,3536.657
2025-07-16 13:31:01.553,276.0,62.0,3541.703
2025-07-16 13:31:06.596,318.0,61.0,3546.746
2025-07-16 13:31:11.640,378.0,61.0,3551.79
2025-07-16 13:31:16.684,458.0,61.0,3556.834
2025-07-16 13:31:21.727,380.0,61.0,3561.877
2025-07-16 13:31:26.771,518.0,62.0,3566.921
2025-07-16 13:31:31.815,318.0,61.0,3571.965
2025-07-16 13:31:36.859,518.0,61.0,3577.009
2025-07-16 13:31:41.904,420.0,61.0,3582.054
2025-07-16 13:31:46.949,518.0,61.0,3587.099
2025-07-16 13:31:51.994,418.0,62.0,3592.144
2025-07-16 13:31:57.037,440.0,62.0,3597.187
2025-07-16 13:32:02.083,498.0,63.0,3602.233
2025-07-16 13:32:07.127,478.0,62.0,3607.277
2025-07-16 13:32:12.172,298.0,63.0,3612.322
2025-07-16 13:32:17.215,498.0,63.0,3617.365
2025-07-16 13:32:22.260,420.0,63.0,3622.41
2025-07-16 13:32:27.305,318.0,62.0,3627.455
2025-07-16 13:32:32.348,340.0,63.0,3632.498
2025-07-16 13:32:37.392,518.0,62.0,3637.542
2025-07-16 13:32:42.439,420.0,62.0,3642.589
2025-07-16 13:32:47.483,278.0,63.0,3647.633
2025-07-16 13:32:52.527,518.0,63.0,3652.677
2025-07-16 13:32:57.570,440.0,62.0,3657.72
2025-07-16 13:33:02.615,398.0,64.0,3662.765
2025-07-16 13:33:07.658,478.0,62.0,3667.808
2025-07-16 13:33:12.703,338.0,63.0,3672.853
2025-07-16 13:33:17.747,358.0,63.0,3677.897
2025-07-16 13:33:22.791,268.0,0.0,3682.941
2025-07-16 13:33:27.834,586.0,59.0,3687.984
2025-07-16 13:33:32.877,1250.0,59.0,3693.027
2025-07-16 13:33:37.921,1390.0,60.0,3698.071
2025-07-16 13:33:42.965,1026.0,59.0,3703.115
2025-07-16 13:33:48.010,1430.0,59.0,3708.16
2025-07-16 13:33:53.056,860.0,59.0,3713.206
2025-07-16 13:33:58.101,1210.0,59.0,3718.251
2025-07-16 13:34:03.145,860.0,59.0,3723.295
2025-07-16 13:34:08.192,1430.0,59.0,3728.342
2025-07-16 13:34:13.237,692.0,60.0,3733.387
2025-07-16 13:34:18.280,860.0,59.0,3738.43
2025-07-16 13:34:23.327,1218.0,60.0,3743.477
2025-07-16 13:34:28.370,1040.0,59.0,3748.52
2025-07-16 13:34:33.413,1148.0,58.0,3753.563
2025-07-16 13:34:38.459,1420.0,59.0,3758.609
2025-07-16 13:34:43.504,1090.0,59.0,3763.654
2025-07-16 13:34:48.550,1088.0,60.0,3768.7
2025-07-16 13:34:53.593,1310.0,59.0,3773.743
2025-07-16 13:34:58.638,970.0,59.0,3778.788
2025-07-16 13:35:03.682,452.0,58.0,3783.832
2025-07-16 13:35:08.726,1090.0,59.0,3788.876
2025-07-16 13:35:13.770,1430.0,59.0,3793.92
2025-07-16 13:35:18.816,458.0,59.0,3798.966
2025-07-16 13:35:23.860,672.0,60.0,3804.01
2025-07-16 13:35:28.904,860.0,60.0,3809.054
2025-07-16 13:35:33.949,1430.0,59.0,3814.099
2025-07-16 13:35:38.995,672.0,59.0,3819.145
2025-07-16 13:35:44.040,1430.0,59.0,3824.19
2025-07-16 13:35:49.084,1430.0,59.0,3829.234
2025-07-16 13:35:54.131,1010.0,59.0,3834.281
2025-07-16 13:35:59.175,670.0,59.0,3839.325
2025-07-16 13:36:04.219,1430.0,59.0,3844.369
2025-07-16 13:36:09.266,480.0,59.0,3849.416
2025-07-16 13:36:14.310,520.0,59.0,3854.46
2025-07-16 13:36:19.356,864.0,59.0,3859.506
2025-07-16 13:36:24.399,1310.0,59.0,3864.549
2025-07-16 13:36:29.444,1410.0,59.0,3869.594
2025-07-16 13:36:34.487,868.0,60.0,3874.637
2025-07-16 13:36:39.531,672.0,58.0,3879.681
2025-07-16 13:36:44.574,860.0,58.0,3884.724
2025-07-16 13:36:49.621,864.0,60.0,3889.771
2025-07-16 13:36:54.666,1430.0,59.0,3894.816
2025-07-16 13:36:59.715,580.0,58.0,3899.865
2025-07-16 13:37:04.759,1430.0,59.0,3904.909
2025-07-16 13:37:09.806,1430.0,59.0,3909.956
2025-07-16 13:37:14.854,1430.0,59.0,3915.004
2025-07-16 13:37:19.902,1260.0,58.0,3920.052
2025-07-16 13:37:24.946,1010.0,59.0,3925.096
2025-07-16 13:37:29.991,1430.0,59.0,3930.141
2025-07-16 13:37:35.037,800.0,60.0,3935.187
2025-07-16 13:37:40.080,1430.0,58.0,3940.23
2025-07-16 13:37:45.126,610.0,59.0,3945.276
2025-07-16 13:37:50.173,916.0,59.0,3950.323
2025-07-16 13:37:55.216,1422.0,59.0,3955.366
2025-07-16 13:38:00.262,590.0,59.0,3960.412
2025-07-16 13:38:05.305,1210.0,59.0,3965.455
2025-07-16 13:38:10.350,1430.0,59.0,3970.5
2025-07-16 13:38:15.397,1210.0,59.0,3975.547
2025-07-16 13:38:20.442,530.0,60.0,3980.592
2025-07-16 13:38:25.487,1430.0,59.0,3985.637
2025-07-16 13:38:30.535,860.0,59.0,3990.685
2025-07-16 13:38:35.580,1422.0,60.0,3995.73
2025-07-16 13:38:40.623,1152.0,60.0,4000.773
2025-07-16 13:38:45.666,1320.0,58.0,4005.816
2025-07-16 13:38:50.710,1430.0,60.0,4010.86
2025-07-16 13:38:55.756,1148.0,59.0,4015.906
2025-07-16 13:39:00.800,724.0,0.0,4020.95
2025-07-16 13:39:05.843,438.0,61.0,4025.993
2025-07-16 13:39:10.887,298.0,60.0,4031.037
2025-07-16 13:39:15.931,418.0,61.0,4036.081
2025-07-16 13:39:20.975,518.0,61.0,4041.125
2025-07-16 13:39:26.022,380.0,60.0,4046.172
2025-07-16 13:39:31.066,518.0,61.0,4051.216
2025-07-16 13:39:36.108,400.0,0.0,4056.258
2025-07-16 13:39:41.152,418.0,61.0,4061.302
2025-07-16 13:39:46.196,296.0,60.0,4066.346
2025-07-16 13:39:51.241,278.0,61.0,4071.391
2025-07-16 13:39:56.284,318.0,61.0,4076.434
2025-07-16 13:40:01.327,478.0,61.0,4081.477
2025-07-16 13:40:06.372,400.0,61.0,4086.522
2025-07-16 13:40:11.417,318.0,61.0,4091.567
2025-07-16 13:40:16.461,498.0,61.0,4096.611
2025-07-16 13:40:21.508,278.0,61.0,4101.658
2025-07-16 13:40:26.552,518.0,61.0,4106.702
2025-07-16 13:40:31.596,376.0,61.0,4111.746
2025-07-16 13:40:36.639,278.0,61.0,4116.789
2025-07-16 13:40:41.683,518.0,61.0,4121.833
2025-07-16 13:40:46.726,276.0,61.0,4126.876
2025-07-16 13:40:51.771,418.0,62.0,4131.921
2025-07-16 13:40:56.816,498.0,62.0,4136.966
2025-07-16 13:41:01.862,278.0,60.0,4142.012
2025-07-16 13:41:06.905,278.0,61.0,4147.055
2025-07-16 13:41:11.950,356.0,62.0,4152.1
2025-07-16 13:41:16.993,296.0,62.0,4157.143
2025-07-16 13:41:22.037,478.0,60.0,4162.187
2025-07-16 13:41:27.081,298.0,62.0,4167.231
2025-07-16 13:41:32.125,418.0,62.0,4172.275
2025-07-16 13:41:37.170,518.0,61.0,4177.32
2025-07-16 13:41:42.215,358.0,62.0,4182.365
2025-07-16 13:41:47.258,498.0,61.0,4187.408
2025-07-16 13:41:52.304,298.0,61.0,4192.454
2025-07-16 13:41:57.347,498.0,62.0,4197.497
2025-07-16 13:42:02.393,518.0,61.0,4202.543
2025-07-16 13:42:07.437,268.0,10.0,4207.587
2025-07-16 13:42:12.479,1430.0,59.0,4212.629
2025-07-16 13:42:17.526,1108.0,59.0,4217.676
2025-07-16 13:42:22.570,1430.0,58.0,4222.72
2025-07-16 13:42:27.617,492.0,60.0,4227.767
2025-07-16 13:42:32.661,1430.0,59.0,4232.811
2025-07-16 13:42:37.707,770.0,59.0,4237.857
2025-07-16 13:42:42.755,610.0,59.0,4242.905
2025-07-16 13:42:47.801,610.0,58.0,4247.951
2025-07-16 13:42:52.845,1152.0,59.0,4252.995
2025-07-16 13:42:57.890,752.0,58.0,4258.04
2025-07-16 13:43:02.933,692.0,59.0,4263.083
2025-07-16 13:43:07.977,1148.0,59.0,4268.127
2025-07-16 13:43:13.021,1270.0,60.0,4273.171
2025-07-16 13:43:18.065,1238.0,59.0,4278.215
2025-07-16 13:43:23.110,916.0,58.0,4283.26
2025-07-16 13:43:28.154,1238.0,58.0,4288.304
2025-07-16 13:43:33.199,1430.0,59.0,4293.349
2025-07-16 13:43:38.244,580.0,59.0,4298.394
2025-07-16 13:43:43.288,1240.0,61.0,4303.438
2025-07-16 13:43:48.332,1430.0,60.0,4308.482
2025-07-16 13:43:53.377,1108.0,59.0,4313.527
2025-07-16 13:43:58.422,454.0,59.0,4318.572
2025-07-16 13:44:03.467,1430.0,59.0,4323.617
2025-07-16 13:44:08.515,1430.0,59.0,4328.665
2025-07-16 13:44:13.560,1218.0,60.0,4333.71
2025-07-16 13:44:18.603,500.0,59.0,4338.753
2025-07-16 13:44:23.647,1430.0,58.0,4343.797
2025-07-16 13:44:28.693,1430.0,59.0,4348.843
2025-07-16 13:44:33.741,1430.0,60.0,4353.891
2025-07-16 13:44:38.788,484.0,60.0,4358.938
2025-07-16 13:44:43.832,1238.0,59.0,4363.982
2025-07-16 13:44:48.876,1320.0,59.0,4369.026
2025-07-16 13:44:53.920,458.0,58.0,4374.07
2025-07-16 13:44:58.964,462.0,59.0,4379.114
2025-07-16 13:45:04.007,586.0,59.0,4384.157
2025-07-16 13:45:09.051,832.0,60.0,4389.201
2025-07-16 13:45:14.095,504.0,59.0,4394.245
2025-07-16 13:45:19.140,1088.0,58.0,4399.29
2025-07-16 13:45:24.184,832.0,58.0,4404.334
2025-07-16 13:45:29.228,1430.0,59.0,4409.378
2025-07-16 13:45:34.275,1260.0,59.0,4414.425
2025-07-16 13:45:39.320,1320.0,60.0,4419.47
2025-07-16 13:45:44.365,1430.0,59.0,4424.515
2025-07-16 13:45:49.410,588.0,59.0,4429.56
2025-07-16 13:45:54.453,1430.0,59.0,4434.603
2025-07-16 13:45:59.499,480.0,60.0,4439.649
2025-07-16 13:46:04.543,1430.0,59.0,4444.693
2025-07-16 13:46:09.592,1390.0,59.0,4449.742
2025-07-16 13:46:14.636,870.0,60.0,4454.786
2025-07-16 13:46:19.682,1330.0,60.0,4459.832
2025-07-16 13:46:24.726,692.0,60.0,4464.876
2025-07-16 13:46:29.770,660.0,59.0,4469.92
2025-07-16 13:46:34.814,562.0,59.0,4474.964
2025-07-16 13:46:39.858,1130.0,58.0,4480.008
2025-07-16 13:46:44.904,1430.0,59.0,4485.054
2025-07-16 13:46:49.952,1424.0,59.0,4490.102
2025-07-16 13:46:54.996,1290.0,59.0,4495.146
2025-07-16 13:47:00.041,1430.0,59.0,4500.191
2025-07-16 13:47:05.088,590.0,60.0,4505.238
2025-07-16 13:47:10.131,1430.0,59.0,4510.281
2025-07-16 13:47:15.179,1260.0,58.0,4515.329
2025-07-16 13:47:20.221,858.0,59.0,4520.371
2025-07-16 13:47:25.266,690.0,60.0,4525.416
2025-07-16 13:47:30.310,850.0,59.0,4530.46
2025-07-16 13:47:35.355,1038.0,59.0,4535.505
2025-07-16 13:47:40.400,1430.0,59.0,4540.55
2025-07-16 13:47:45.444,478.0,44.0,4545.594
2025-07-16 13:47:50.488,478.0,59.0,4550.638
2025-07-16 13:47:55.532,318.0,58.0,4555.682
2025-07-16 13:48:00.576,380.0,59.0,4560.726
2025-07-16 13:48:05.620,478.0,59.0,4565.77
2025-07-16 13:48:10.664,478.0,59.0,4570.814
2025-07-16 13:48:15.709,300.0,59.0,4575.859
2025-07-16 13:48:20.752,478.0,59.0,4580.902
2025-07-16 13:48:25.797,380.0,56.0,4585.947
2025-07-16 13:48:30.843,258.0,59.0,4590.993
2025-07-16 13:48:35.887,318.0,59.0,4596.037
2025-07-16 13:48:40.932,380.0,59.0,4601.082
2025-07-16 13:48:45.975,318.0,59.0,4606.125
2025-07-16 13:48:51.018,340.0,59.0,4611.168
2025-07-16 13:48:56.062,478.0,58.0,4616.212
2025-07-16 13:49:01.106,318.0,59.0,4621.256
2025-07-16 13:49:06.150,378.0,58.0,4626.3
2025-07-16 13:49:11.195,378.0,59.0,4631.345
2025-07-16 13:49:16.239,458.0,58.0,4636.389
2025-07-16 13:49:21.285,256.0,59.0,4641.435
2025-07-16 13:49:26.329,458.0,59.0,4646.479
2025-07-16 13:49:31.375,338.0,59.0,4651.525
2025-07-16 13:49:36.419,258.0,59.0,4656.569
2025-07-16 13:49:41.463,478.0,59.0,4661.613
2025-07-16 13:49:46.505,478.0,60.0,4666.655
2025-07-16 13:49:51.550,478.0,60.0,4671.7
2025-07-16 13:49:56.595,478.0,59.0,4676.745
2025-07-16 13:50:01.641,378.0,60.0,4681.791
2025-07-16 13:50:06.685,236.0,59.0,4686.835
2025-07-16 13:50:11.730,458.0,59.0,4691.88
2025-07-16 13:50:16.774,478.0,58.0,4696.924
2025-07-16 13:50:21.819,338.0,58.0,4701.969
2025-07-16 13:50:26.861,256.0,60.0,4707.011
2025-07-16 13:50:31.904,358.0,60.0,4712.054
2025-07-16 13:50:36.948,238.0,60.0,4717.098
2025-07-16 13:50:41.992,256.0,60.0,4722.142
2025-07-16 13:50:47.036,360.0,59.0,4727.186
2025-07-16 13:50:52.080,478.0,59.0,4732.23
2025-07-16 13:50:57.126,258.0,60.0,4737.276
2025-07-16 13:51:02.170,264.0,0.0,4742.32
2025-07-16 13:51:07.212,466.0,59.0,4747.362
2025-07-16 13:51:12.257,1400.0,59.0,4752.407
2025-07-16 13:51:17.301,1420.0,60.0,4757.451
2025-07-16 13:51:22.344,1290.0,59.0,4762.494
2025-07-16 13:51:27.390,1430.0,59.0,4767.54
2025-07-16 13:51:32.437,452.0,58.0,4772.587
2025-07-16 13:51:37.482,860.0,59.0,4777.632
2025-07-16 13:51:42.532,1430.0,59.0,4782.682
2025-07-16 13:51:47.578,1430.0,59.0,4787.728
2025-07-16 13:51:52.627,1290.0,58.0,4792.777
2025-07-16 13:51:57.737,970.0,59.0,4797.887
2025-07-16 13:52:02.781,910.0,59.0,4802.931
2025-07-16 13:52:07.825,1430.0,59.0,4807.975
2025-07-16 13:52:12.870,1430.0,58.0,4813.02
2025-07-16 13:52:17.916,1430.0,59.0,4818.066
2025-07-16 13:52:22.963,1430.0,60.0,4823.113
2025-07-16 13:52:28.008,1430.0,59.0,4828.158
2025-07-16 13:52:33.055,478.0,59.0,4833.205
2025-07-16 13:52:38.099,524.0,59.0,4838.249
2025-07-16 13:52:43.143,1230.0,59.0,4843.293
2025-07-16 13:52:48.186,1430.0,59.0,4848.336
2025-07-16 13:52:53.232,1430.0,59.0,4853.382
2025-07-16 13:52:58.279,478.0,60.0,4858.429
2025-07-16 13:53:03.324,912.0,59.0,4863.474
2025-07-16 13:53:08.367,864.0,61.0,4868.517
2025-07-16 13:53:13.412,1026.0,59.0,4873.562
2025-07-16 13:53:18.456,860.0,59.0,4878.606
2025-07-16 13:53:23.503,908.0,59.0,4883.653
2025-07-16 13:53:28.546,1430.0,60.0,4888.696
2025-07-16 13:53:33.592,1320.0,59.0,4893.742
2025-07-16 13:53:38.636,1430.0,58.0,4898.786
2025-07-16 13:53:43.684,1430.0,59.0,4903.834
2025-07-16 13:53:48.730,1350.0,59.0,4908.88
2025-07-16 13:53:53.775,490.0,59.0,4913.925
2025-07-16 13:53:58.819,1050.0,59.0,4918.969
2025-07-16 13:54:03.865,1430.0,58.0,4924.015
2025-07-16 13:54:08.911,752.0,59.0,4929.061
2025-07-16 13:54:13.955,850.0,59.0,4934.105
2025-07-16 13:54:19.001,770.0,59.0,4939.151
2025-07-16 13:54:24.044,958.0,60.0,4944.194
2025-07-16 13:54:29.088,1430.0,59.0,4949.238
2025-07-16 13:54:34.135,1430.0,59.0,4954.285
2025-07-16 13:54:39.182,850.0,61.0,4959.332
2025-07-16 13:54:44.226,590.0,58.0,4964.376
2025-07-16 13:54:49.270,1430.0,59.0,4969.42
2025-07-16 13:54:54.316,460.0,59.0,4974.466
2025-07-16 13:54:59.359,1410.0,60.0,4979.509
2025-07-16 13:55:04.403,524.0,60.0,4984.553
2025-07-16 13:55:09.448,1430.0,59.0,4989.598
2025-07-16 13:55:14.491,670.0,58.0,4994.641
2025-07-16 13:55:19.535,1430.0,60.0,4999.685
2025-07-16 13:55:24.578,690.0,60.0,5004.728
2025-07-16 13:55:29.624,1430.0,59.0,5009.774
2025-07-16 13:55:34.673,1430.0,59.0,5014.823
2025-07-16 13:55:39.720,672.0,59.0,5019.87
2025-07-16 13:55:44.764,1430.0,60.0,5024.914
2025-07-16 13:55:49.810,860.0,59.0,5029.96
2025-07-16 13:55:54.857,1022.0,58.0,5035.007
2025-07-16 13:55:59.901,586.0,60.0,5040.051
2025-07-16 13:56:04.945,1420.0,59.0,5045.095
2025-07-16 13:56:09.988,1430.0,59.0,5050.138
2025-07-16 13:56:15.035,1090.0,59.0,5055.185
2025-07-16 13:56:20.081,1210.0,59.0,5060.231
2025-07-16 13:56:25.125,670.0,59.0,5065.275
2025-07-16 13:56:30.169,1070.0,58.0,5070.319
2025-07-16 13:56:35.213,860.0,60.0,5075.363
2025-07-16 13:56:40.260,478.0,59.0,5080.41
2025-07-16 13:56:45.305,378.0,58.0,5085.455
2025-07-16 13:56:50.349,258.0,58.0,5090.499
2025-07-16 13:56:55.393,478.0,58.0,5095.543
2025-07-16 13:57:00.438,478.0,58.0,5100.588
2025-07-16 13:57:05.482,318.0,59.0,5105.632
2025-07-16 13:57:10.526,256.0,59.0,5110.676
2025-07-16 13:57:15.571,412.0,0.0,5115.721
2025-07-16 13:57:20.613,478.0,59.0,5120.763
2025-07-16 13:57:25.657,478.0,58.0,5125.807
2025-07-16 13:57:30.702,360.0,58.0,5130.852
2025-07-16 13:57:35.746,380.0,58.0,5135.896
2025-07-16 13:57:40.791,258.0,58.0,5140.941
2025-07-16 13:57:45.835,258.0,59.0,5145.985
2025-07-16 13:57:50.879,340.0,59.0,5151.029
2025-07-16 13:57:55.924,478.0,59.0,5156.074
2025-07-16 13:58:00.969,254.0,58.0,5161.119
2025-07-16 13:58:06.012,438.0,58.0,5166.162
2025-07-16 13:58:11.059,478.0,59.0,5171.209
2025-07-16 13:58:16.103,398.0,58.0,5176.253
2025-07-16 13:58:21.146,378.0,59.0,5181.296
2025-07-16 13:58:26.191,256.0,59.0,5186.341
2025-07-16 13:58:31.234,300.0,60.0,5191.384
2025-07-16 13:58:36.278,256.0,60.0,5196.428
2025-07-16 13:58:41.322,380.0,59.0,5201.472
2025-07-16 13:58:46.366,418.0,59.0,5206.516
2025-07-16 13:58:51.411,458.0,59.0,5211.561
2025-07-16 13:58:56.457,338.0,59.0,5216.607
2025-07-16 13:59:01.500,478.0,60.0,5221.65
2025-07-16 13:59:06.544,358.0,58.0,5226.694
2025-07-16 13:59:11.589,278.0,59.0,5231.739
2025-07-16 13:59:16.633,400.0,59.0,5236.783
2025-07-16 13:59:21.679,236.0,60.0,5241.829
2025-07-16 13:59:26.722,378.0,60.0,5246.872
2025-07-16 13:59:31.766,256.0,60.0,5251.916
2025-07-16 13:59:36.808,478.0,59.0,5256.958
2025-07-16 13:59:41.852,236.0,59.0,5262.002
2025-07-16 13:59:46.898,478.0,59.0,5267.048
2025-07-16 13:59:51.940,478.0,59.0,5272.09
2025-07-16 13:59:56.983,1290.0,36.0,5277.133
2025-07-16 14:00:02.029,690.0,59.0,5282.179
2025-07-16 14:00:07.073,452.0,61.0,5287.223
2025-07-16 14:00:12.119,1430.0,59.0,5292.269
2025-07-16 14:00:17.166,432.0,59.0,5297.316
2025-07-16 14:00:22.209,1022.0,57.0,5302.359
2025-07-16 14:00:27.253,1156.0,59.0,5307.403
2025-07-16 14:00:32.297,868.0,60.0,5312.447
2025-07-16 14:00:37.342,1048.0,59.0,5317.492
2025-07-16 14:00:42.385,1430.0,58.0,5322.535
2025-07-16 14:00:47.433,1430.0,59.0,5327.583
2025-07-16 14:00:52.479,1430.0,59.0,5332.629
2025-07-16 14:00:57.528,1310.0,59.0,5337.678
2025-07-16 14:01:02.572,1430.0,60.0,5342.722
2025-07-16 14:01:07.620,1430.0,59.0,5347.77
2025-07-16 14:01:12.667,854.0,58.0,5352.817
2025-07-16 14:01:17.710,460.0,60.0,5357.86
2025-07-16 14:01:22.755,1430.0,59.0,5362.905
2025-07-16 14:01:27.803,1422.0,58.0,5367.953
2025-07-16 14:01:32.847,1108.0,59.0,5372.997
2025-07-16 14:01:37.891,860.0,60.0,5378.041
2025-07-16 14:01:42.938,930.0,58.0,5383.088
2025-07-16 14:01:47.984,1238.0,59.0,5388.134
2025-07-16 14:01:53.027,520.0,60.0,5393.177
2025-07-16 14:01:58.071,690.0,60.0,5398.221
2025-07-16 14:02:03.115,1430.0,60.0,5403.265
2025-07-16 14:02:08.162,620.0,58.0,5408.312
2025-07-16 14:02:13.207,1430.0,58.0,5413.357
2025-07-16 14:02:18.252,432.0,59.0,5418.402
2025-07-16 14:02:23.296,1158.0,59.0,5423.446
2025-07-16 14:02:28.339,480.0,59.0,5428.489
2025-07-16 14:02:33.385,1430.0,60.0,5433.535
2025-07-16 14:02:38.431,1430.0,59.0,5438.581
2025-07-16 14:02:43.478,998.0,59.0,5443.628
2025-07-16 14:02:48.522,588.0,58.0,5448.672
2025-07-16 14:02:53.565,458.0,59.0,5453.715
2025-07-16 14:02:58.610,770.0,59.0,5458.76
2025-07-16 14:03:03.656,500.0,60.0,5463.806
2025-07-16 14:03:08.701,888.0,59.0,5468.851
2025-07-16 14:03:13.745,1430.0,59.0,5473.895
2025-07-16 14:03:18.791,890.0,59.0,5478.941
2025-07-16 14:03:23.835,1070.0,60.0,5483.985
2025-07-16 14:03:28.879,1430.0,59.0,5489.029
2025-07-16 14:03:33.925,1400.0,59.0,5494.075
2025-07-16 14:03:38.969,856.0,59.0,5499.119
2025-07-16 14:03:44.012,486.0,59.0,5504.162
2025-07-16 14:03:49.056,1430.0,59.0,5509.206
2025-07-16 14:03:54.102,1430.0,59.0,5514.252
2025-07-16 14:03:59.149,860.0,59.0,5519.299
2025-07-16 14:04:04.196,1430.0,60.0,5524.346
2025-07-16 14:04:09.243,472.0,60.0,5529.393
2025-07-16 14:04:14.287,454.0,59.0,5534.437
2025-07-16 14:04:19.331,1270.0,60.0,5539.481
2025-07-16 14:04:24.375,530.0,58.0,5544.525
2025-07-16 14:04:29.420,1258.0,59.0,5549.57
2025-07-16 14:04:34.464,1040.0,59.0,5554.614
2025-07-16 14:04:39.509,1430.0,59.0,5559.659
2025-07-16 14:04:44.557,930.0,60.0,5564.707
2025-07-16 14:04:49.602,930.0,60.0,5569.752
2025-07-16 14:04:54.647,930.0,58.0,5574.797
2025-07-16 14:04:59.692,690.0,59.0,5579.842
2025-07-16 14:05:04.735,862.0,59.0,5584.885
2025-07-16 14:05:09.779,1430.0,58.0,5589.929
2025-07-16 14:05:14.823,854.0,58.0,5594.973
2025-07-16 14:05:19.866,1430.0,59.0,5600.016
2025-07-16 14:05:24.914,770.0,59.0,5605.064
2025-07-16 14:05:29.959,914.0,58.0,5610.109
2025-07-16 14:05:35.003,518.0,61.0,5615.153
2025-07-16 14:05:40.046,518.0,60.0,5620.196
2025-07-16 14:05:45.091,518.0,60.0,5625.241
2025-07-16 14:05:50.134,278.0,61.0,5630.284
2025-07-16 14:05:55.178,278.0,60.0,5635.328
2025-07-16 14:06:00.222,518.0,60.0,5640.372
2025-07-16 14:06:05.266,356.0,61.0,5645.416
2025-07-16 14:06:10.309,380.0,11.0,5650.459
2025-07-16 14:06:15.353,518.0,59.0,5655.503
2025-07-16 14:06:20.397,518.0,60.0,5660.547
2025-07-16 14:06:25.440,418.0,60.0,5665.59
2025-07-16 14:06:30.484,518.0,60.0,5670.634
2025-07-16 14:06:35.528,440.0,60.0,5675.678
2025-07-16 14:06:40.572,478.0,60.0,5680.722
2025-07-16 14:06:45.619,498.0,60.0,5685.769
2025-07-16 14:06:50.665,398.0,61.0,5690.815
2025-07-16 14:06:55.714,498.0,60.0,5695.864
2025-07-16 14:07:00.759,358.0,61.0,5700.909
2025-07-16 14:07:05.803,340.0,60.0,5705.953
2025-07-16 14:07:10.846,378.0,60.0,5710.996
2025-07-16 14:07:15.890,498.0,60.0,5716.04
2025-07-16 14:07:20.934,518.0,60.0,5721.084
2025-07-16 14:07:25.979,518.0,61.0,5726.129
2025-07-16 14:07:31.023,518.0,61.0,5731.173
2025-07-16 14:07:36.067,358.0,60.0,5736.217
2025-07-16 14:07:41.112,358.0,61.0,5741.262
2025-07-16 14:07:46.156,420.0,60.0,5746.306
2025-07-16 14:07:51.200,518.0,61.0,5751.35
2025-07-16 14:07:56.243,378.0,59.0,5756.393
2025-07-16 14:08:01.287,296.0,61.0,5761.437
2025-07-16 14:08:06.330,498.0,62.0,5766.48
2025-07-16 14:08:11.376,356.0,61.0,5771.526
2025-07-16 14:08:16.418,440.0,61.0,5776.568
2025-07-16 14:08:21.463,498.0,60.0,5781.613
2025-07-16 14:08:26.508,498.0,60.0,5786.658
2025-07-16 14:08:31.553,440.0,61.0,5791.703
2025-07-16 14:08:36.597,518.0,61.0,5796.747
2025-07-16 14:08:41.640,268.0,61.0,5801.79
2025-07-16 14:08:46.684,868.0,49.0,5806.834
2025-07-16 14:08:51.727,858.0,59.0,5811.877
2025-07-16 14:08:56.770,860.0,61.0,5816.92
2025-07-16 14:09:01.815,452.0,59.0,5821.965
2025-07-16 14:09:06.857,460.0,59.0,5827.007
2025-07-16 14:09:11.902,860.0,59.0,5832.052
2025-07-16 14:09:16.949,1430.0,59.0,5837.099
2025-07-16 14:09:21.996,1218.0,59.0,5842.146
2025-07-16 14:09:27.039,456.0,59.0,5847.189
2025-07-16 14:09:32.083,582.0,59.0,5852.233
2025-07-16 14:09:37.128,520.0,59.0,5857.278
2025-07-16 14:09:42.172,1010.0,60.0,5862.322
2025-07-16 14:09:47.217,690.0,61.0,5867.367
2025-07-16 14:09:52.261,530.0,59.0,5872.411
2025-07-16 14:09:57.305,630.0,59.0,5877.455
2025-07-16 14:10:02.348,1050.0,60.0,5882.498
2025-07-16 14:10:07.395,930.0,59.0,5887.545
2025-07-16 14:10:12.442,910.0,58.0,5892.592
2025-07-16 14:10:17.485,1154.0,59.0,5897.635
2025-07-16 14:10:22.530,1430.0,59.0,5902.68
2025-07-16 14:10:27.578,478.0,58.0,5907.728
2025-07-16 14:10:32.622,1430.0,60.0,5912.772
2025-07-16 14:10:37.669,860.0,60.0,5917.819
2025-07-16 14:10:42.713,840.0,60.0,5922.863
2025-07-16 14:10:47.757,770.0,60.0,5927.907
2025-07-16 14:10:52.803,852.0,59.0,5932.953
2025-07-16 14:10:57.848,1430.0,59.0,5937.998
2025-07-16 14:11:02.895,456.0,59.0,5943.045
2025-07-16 14:11:07.939,1430.0,59.0,5948.089
2025-07-16 14:11:12.987,860.0,58.0,5953.137
2025-07-16 14:11:18.034,476.0,60.0,5958.184
2025-07-16 14:11:23.078,456.0,61.0,5963.228
2025-07-16 14:11:28.122,1430.0,60.0,5968.272
2025-07-16 14:11:33.167,1010.0,60.0,5973.317
2025-07-16 14:11:38.212,1430.0,59.0,5978.362
2025-07-16 14:11:43.260,1090.0,60.0,5983.41
2025-07-16 14:11:48.305,1270.0,59.0,5988.455
2025-07-16 14:11:53.349,1420.0,59.0,5993.499
2025-07-16 14:11:58.391,1150.0,60.0,5998.541
2025-07-16 14:12:03.435,1430.0,60.0,6003.585
2025-07-16 14:12:08.481,1170.0,59.0,6008.631
2025-07-16 14:12:13.525,890.0,59.0,6013.675
2025-07-16 14:12:18.569,1170.0,59.0,6018.719
2025-07-16 14:12:23.614,582.0,59.0,6023.764
2025-07-16 14:12:28.658,1430.0,59.0,6028.808
2025-07-16 14:12:33.706,1040.0,59.0,6033.856
2025-07-16 14:12:38.750,528.0,60.0,6038.9
2025-07-16 14:12:43.793,630.0,59.0,6043.943
2025-07-16 14:12:48.837,498.0,59.0,6048.987
2025-07-16 14:12:53.881,1430.0,59.0,6054.031
2025-07-16 14:12:58.930,588.0,60.0,6059.08
2025-07-16 14:13:03.974,860.0,59.0,6064.124
2025-07-16 14:13:09.019,1430.0,59.0,6069.169
2025-07-16 14:13:14.064,1430.0,59.0,6074.214
2025-07-16 14:13:19.109,530.0,59.0,6079.259
2025-07-16 14:13:24.153,1430.0,60.0,6084.303
2025-07-16 14:13:29.198,560.0,59.0,6089.348
2025-07-16 14:13:34.242,1046.0,59.0,6094.392
2025-07-16 14:13:39.286,670.0,59.0,6099.436
2025-07-16 14:13:44.330,466.0,60.0,6104.48
2025-07-16 14:13:49.374,1430.0,59.0,6109.524
2025-07-16 14:13:54.422,588.0,59.0,6114.572
2025-07-16 14:13:59.466,512.0,59.0,6119.616
2025-07-16 14:14:04.511,690.0,60.0,6124.661
2025-07-16 14:14:09.554,860.0,59.0,6129.704
2025-07-16 14:14:14.599,1424.0,59.0,6134.749
2025-07-16 14:14:19.642,1422.0,57.0,6139.792
2025-07-16 14:14:24.686,358.0,4.0,6144.836
2025-07-16 14:14:29.730,518.0,59.0,6149.88
2025-07-16 14:14:34.773,418.0,59.0,6154.923
2025-07-16 14:14:39.818,418.0,59.0,6159.968
2025-07-16 14:14:44.861,518.0,59.0,6165.011
2025-07-16 14:14:49.905,278.0,59.0,6170.055
2025-07-16 14:14:54.949,298.0,60.0,6175.099
2025-07-16 14:14:59.991,400.0,2.0,6180.141
2025-07-16 14:15:05.035,398.0,60.0,6185.185
2025-07-16 14:15:10.079,318.0,60.0,6190.229
2025-07-16 14:15:15.123,378.0,60.0,6195.273
2025-07-16 14:15:20.167,458.0,60.0,6200.317
2025-07-16 14:15:25.211,278.0,60.0,6205.361
2025-07-16 14:15:30.255,356.0,60.0,6210.405
2025-07-16 14:15:35.299,518.0,60.0,6215.449
2025-07-16 14:15:40.346,400.0,60.0,6220.496
2025-07-16 14:15:45.390,518.0,60.0,6225.54
2025-07-16 14:15:50.438,440.0,60.0,6230.588
2025-07-16 14:15:55.483,458.0,60.0,6235.633
2025-07-16 14:16:00.527,498.0,61.0,6240.677
2025-07-16 14:16:05.571,518.0,60.0,6245.721
2025-07-16 14:16:10.616,378.0,59.0,6250.766
2025-07-16 14:16:15.660,296.0,60.0,6255.81
2025-07-16 14:16:20.704,518.0,61.0,6260.854
2025-07-16 14:16:25.749,318.0,61.0,6265.899
2025-07-16 14:16:30.792,378.0,60.0,6270.942
2025-07-16 14:16:35.838,518.0,61.0,6275.988
2025-07-16 14:16:40.881,398.0,61.0,6281.031
2025-07-16 14:16:45.925,458.0,61.0,6286.075
2025-07-16 14:16:50.969,518.0,59.0,6291.119
2025-07-16 14:16:56.013,498.0,60.0,6296.163
2025-07-16 14:17:01.058,458.0,61.0,6301.208
2025-07-16 14:17:06.102,478.0,61.0,6306.252
2025-07-16 14:17:11.147,418.0,61.0,6311.297
2025-07-16 14:17:16.192,358.0,61.0,6316.342
2025-07-16 14:17:21.235,440.0,61.0,6321.385
2025-07-16 14:17:26.279,498.0,61.0,6326.429
2025-07-16 14:17:31.323,418.0,61.0,6331.473
2025-07-16 14:17:36.366,268.0,0.0,6336.516
2025-07-16 14:17:41.409,1270.0,59.0,6341.559
2025-07-16 14:17:46.454,494.0,60.0,6346.604
2025-07-16 14:17:51.500,1430.0,59.0,6351.65
2025-07-16 14:17:56.546,1430.0,59.0,6356.696
2025-07-16 14:18:01.593,584.0,59.0,6361.743
2025-07-16 14:18:06.636,460.0,59.0,6366.786
2025-07-16 14:18:11.680,1198.0,60.0,6371.83
2025-07-16 14:18:16.723,1150.0,59.0,6376.873
2025-07-16 14:18:21.768,1018.0,59.0,6381.918
2025-07-16 14:18:26.812,590.0,59.0,6386.962
2025-07-16 14:18:31.857,1430.0,59.0,6392.007
2025-07-16 14:18:36.905,1240.0,59.0,6397.055
2025-07-16 14:18:41.949,1422.0,61.0,6402.099
2025-07-16 14:18:46.993,852.0,58.0,6407.143
2025-07-16 14:18:52.037,1430.0,59.0,6412.187
2025-07-16 14:18:57.086,590.0,59.0,6417.236
2025-07-16 14:19:02.129,1430.0,59.0,6422.279
2025-07-16 14:19:07.176,506.0,60.0,6427.326
2025-07-16 14:19:12.219,454.0,60.0,6432.369
2025-07-16 14:19:17.264,560.0,59.0,6437.414
2025-07-16 14:19:22.309,1430.0,61.0,6442.459
2025-07-16 14:19:27.357,858.0,59.0,6447.507
2025-07-16 14:19:32.401,1128.0,59.0,6452.551
2025-07-16 14:19:37.445,1170.0,60.0,6457.595
2025-07-16 14:19:42.489,1430.0,60.0,6462.639
2025-07-16 14:19:47.533,1430.0,59.0,6467.683
2025-07-16 14:19:52.580,1430.0,59.0,6472.73
2025-07-16 14:19:57.627,1430.0,60.0,6477.777
2025-07-16 14:20:02.672,1430.0,60.0,6482.822
2025-07-16 14:20:07.719,856.0,59.0,6487.869
2025-07-16 14:20:12.763,456.0,59.0,6492.913
2025-07-16 14:20:17.807,1430.0,59.0,6497.957
2025-07-16 14:20:22.857,1050.0,60.0,6503.007
2025-07-16 14:20:27.901,590.0,59.0,6508.051
2025-07-16 14:20:32.944,1430.0,59.0,6513.094
2025-07-16 14:20:37.992,1430.0,60.0,6518.142
2025-07-16 14:20:43.038,460.0,60.0,6523.188
2025-07-16 14:20:48.082,1430.0,60.0,6528.232
2025-07-16 14:20:53.128,472.0,60.0,6533.278
2025-07-16 14:20:58.173,530.0,58.0,6538.323
2025-07-16 14:21:03.217,1430.0,58.0,6543.367
2025-07-16 14:21:08.264,1424.0,59.0,6548.414
2025-07-16 14:21:13.307,1410.0,59.0,6553.457
2025-07-16 14:21:18.353,1430.0,59.0,6558.503
2025-07-16 14:21:23.400,912.0,58.0,6563.55
2025-07-16 14:21:28.444,998.0,59.0,6568.594
2025-07-16 14:21:33.488,1430.0,59.0,6573.638
2025-07-16 14:21:38.536,1410.0,59.0,6578.686
2025-07-16 14:21:43.580,524.0,60.0,6583.73
2025-07-16 14:21:48.625,1410.0,59.0,6588.775
2025-07-16 14:21:53.669,1430.0,59.0,6593.819
2025-07-16 14:21:58.715,1430.0,59.0,6598.865
2025-07-16 14:22:03.762,868.0,59.0,6603.912
2025-07-16 14:22:08.805,978.0,59.0,6608.955
2025-07-16 14:22:13.854,1430.0,60.0,6614.004
2025-07-16 14:22:18.898,908.0,59.0,6619.048
2025-07-16 14:22:23.942,866.0,59.0,6624.092
2025-07-16 14:22:28.986,1022.0,59.0,6629.136
2025-07-16 14:22:34.030,494.0,59.0,6634.18
2025-07-16 14:22:39.074,690.0,59.0,6639.224
2025-07-16 14:22:44.117,860.0,59.0,6644.267
2025-07-16 14:22:49.163,1430.0,60.0,6649.313
2025-07-16 14:22:54.209,630.0,59.0,6654.359
2025-07-16 14:22:59.254,1430.0,60.0,6659.404
2025-07-16 14:23:04.298,854.0,59.0,6664.448
2025-07-16 14:23:09.342,1430.0,59.0,6669.492
2025-07-16 14:23:14.390,724.0,0.0,6674.54
2025-07-16 14:23:19.432,518.0,61.0,6679.582
2025-07-16 14:23:24.479,418.0,61.0,6684.629
2025-07-16 14:23:29.523,398.0,61.0,6689.673
2025-07-16 14:23:34.566,396.0,61.0,6694.716
2025-07-16 14:23:39.610,298.0,61.0,6699.76
2025-07-16 14:23:44.653,296.0,61.0,6704.803
2025-07-16 14:23:49.696,400.0,0.0,6709.846
2025-07-16 14:23:54.739,518.0,60.0,6714.889
2025-07-16 14:23:59.786,498.0,61.0,6719.936
2025-07-16 14:24:04.830,418.0,61.0,6724.98
2025-07-16 14:24:09.876,418.0,61.0,6730.026
2025-07-16 14:24:14.920,518.0,61.0,6735.07
2025-07-16 14:24:19.964,358.0,61.0,6740.114
2025-07-16 14:24:25.008,498.0,61.0,6745.158
2025-07-16 14:24:30.053,518.0,61.0,6750.203
2025-07-16 14:24:35.099,518.0,61.0,6755.249
2025-07-16 14:24:40.142,298.0,61.0,6760.292
2025-07-16 14:24:45.186,358.0,60.0,6765.336
2025-07-16 14:24:50.230,498.0,61.0,6770.38
2025-07-16 14:24:55.276,398.0,61.0,6775.426
2025-07-16 14:25:00.319,418.0,62.0,6780.469
2025-07-16 14:25:05.363,400.0,62.0,6785.513
2025-07-16 14:25:10.407,420.0,61.0,6790.557
2025-07-16 14:25:15.453,340.0,61.0,6795.603
2025-07-16 14:25:20.497,478.0,62.0,6800.647
2025-07-16 14:25:25.542,356.0,62.0,6805.692
2025-07-16 14:25:30.586,478.0,62.0,6810.736
2025-07-16 14:25:35.629,338.0,59.0,6815.779
2025-07-16 14:25:40.674,458.0,62.0,6820.824
2025-07-16 14:25:45.717,518.0,62.0,6825.867
2025-07-16 14:25:50.763,518.0,62.0,6830.913
2025-07-16 14:25:55.808,378.0,62.0,6835.958
2025-07-16 14:26:00.852,358.0,62.0,6841.002
2025-07-16 14:26:05.895,380.0,62.0,6846.045
2025-07-16 14:26:10.939,498.0,62.0,6851.089
2025-07-16 14:26:15.983,518.0,62.0,6856.133
2025-07-16 14:26:21.028,268.0,0.0,6861.178
2025-07-16 14:26:26.071,832.0,60.0,6866.221
2025-07-16 14:26:31.115,1430.0,60.0,6871.265
2025-07-16 14:26:36.163,1430.0,59.0,6876.313
2025-07-16 14:26:41.207,1430.0,59.0,6881.357
2025-07-16 14:26:46.252,1430.0,60.0,6886.402
2025-07-16 14:26:51.296,1430.0,61.0,6891.446
2025-07-16 14:26:56.342,1430.0,60.0,6896.492
2025-07-16 14:27:01.390,1050.0,60.0,6901.54
2025-07-16 14:27:06.436,930.0,59.0,6906.586
2025-07-16 14:27:11.480,1050.0,60.0,6911.63
2025-07-16 14:27:16.524,1430.0,60.0,6916.674
2025-07-16 14:27:21.571,918.0,59.0,6921.721
2025-07-16 14:27:26.615,610.0,58.0,6926.765
2025-07-16 14:27:31.659,452.0,59.0,6931.809
2025-07-16 14:27:36.704,526.0,58.0,6936.854
2025-07-16 14:27:41.748,1430.0,59.0,6941.898
2025-07-16 14:27:46.794,1390.0,60.0,6946.944
2025-07-16 14:27:51.839,1430.0,60.0,6951.989
2025-07-16 14:27:56.885,860.0,59.0,6957.035
2025-07-16 14:28:01.933,460.0,59.0,6962.083
2025-07-16 14:28:06.978,1450.0,59.0,6967.128
2025-07-16 14:28:12.023,1320.0,59.0,6972.173
2025-07-16 14:28:17.067,462.0,59.0,6977.217
2025-07-16 14:28:22.112,1430.0,59.0,6982.262
2025-07-16 14:28:27.158,486.0,60.0,6987.308
2025-07-16 14:28:32.202,1430.0,59.0,6992.352
2025-07-16 14:28:37.250,1430.0,59.0,6997.4
2025-07-16 14:28:42.297,458.0,60.0,7002.447
2025-07-16 14:28:47.341,454.0,59.0,7007.491
2025-07-16 14:28:52.385,888.0,60.0,7012.535
2025-07-16 14:28:57.428,854.0,60.0,7017.578
2025-07-16 14:29:02.472,1156.0,60.0,7022.622
2025-07-16 14:29:07.515,918.0,59.0,7027.665
2025-07-16 14:29:12.559,1430.0,59.0,7032.709
2025-07-16 14:29:17.606,452.0,59.0,7037.756
2025-07-16 14:29:22.651,1430.0,59.0,7042.801
2025-07-16 14:29:27.699,1330.0,60.0,7047.849
2025-07-16 14:29:32.743,1430.0,59.0,7052.893
2025-07-16 14:29:37.789,860.0,60.0,7057.939
2025-07-16 14:29:42.832,456.0,60.0,7062.982
2025-07-16 14:29:47.875,512.0,59.0,7068.025
2025-07-16 14:29:52.919,1150.0,59.0,7073.069
2025-07-16 14:29:57.964,854.0,59.0,7078.114
2025-07-16 14:30:03.009,1190.0,60.0,7083.159
2025-07-16 14:30:08.053,868.0,60.0,7088.203
2025-07-16 14:30:13.097,1010.0,60.0,7093.247
2025-07-16 14:30:18.141,452.0,59.0,7098.291
2025-07-16 14:30:23.186,1430.0,59.0,7103.336
2025-07-16 14:30:28.234,1218.0,59.0,7108.384
2025-07-16 14:30:33.278,958.0,60.0,7113.428
2025-07-16 14:30:38.322,432.0,59.0,7118.472
2025-07-16 14:30:43.366,1010.0,59.0,7123.516
2025-07-16 14:30:48.413,1430.0,59.0,7128.563
2025-07-16 14:30:53.458,1430.0,59.0,7133.608
2025-07-16 14:30:58.504,1430.0,59.0,7138.654
2025-07-16 14:31:03.551,650.0,58.0,7143.701
2025-07-16 14:31:08.595,480.0,59.0,7148.745
2025-07-16 14:31:13.639,540.0,60.0,7153.789
2025-07-16 14:31:18.682,958.0,59.0,7158.832
2025-07-16 14:31:23.726,1430.0,59.0,7163.876
2025-07-16 14:31:28.774,1430.0,59.0,7168.924
2025-07-16 14:31:33.820,672.0,60.0,7173.97
2025-07-16 14:31:38.864,590.0,59.0,7179.014
2025-07-16 14:31:43.908,970.0,59.0,7184.058
2025-07-16 14:31:48.952,1420.0,59.0,7189.102
2025-07-16 14:31:53.996,462.0,59.0,7194.146
2025-07-16 14:31:59.042,478.0,0.0,7199.192
2025-07-16 14:32:04.084,400.0,58.0,7204.234
2025-07-16 14:32:09.128,256.0,58.0,7209.278
2025-07-16 14:32:14.172,498.0,58.0,7214.322
2025-07-16 14:32:19.217,320.0,58.0,7219.367
2025-07-16 14:32:24.261,338.0,58.0,7224.411
2025-07-16 14:32:29.305,338.0,59.0,7229.455
2025-07-16 14:32:34.349,418.0,59.0,7234.499
2025-07-16 14:32:39.392,258.0,58.0,7239.542
2025-07-16 14:32:44.435,400.0,58.0,7244.585
2025-07-16 14:32:49.479,256.0,59.0,7249.629
2025-07-16 14:32:54.523,400.0,58.0,7254.673
2025-07-16 14:32:59.568,498.0,59.0,7259.718
2025-07-16 14:33:04.612,338.0,59.0,7264.762
2025-07-16 14:33:09.656,498.0,59.0,7269.806
2025-07-16 14:33:14.699,278.0,59.0,7274.849
2025-07-16 14:33:19.744,498.0,59.0,7279.894
2025-07-16 14:33:24.789,298.0,59.0,7284.939
2025-07-16 14:33:29.832,478.0,59.0,7289.982
2025-07-16 14:33:34.878,498.0,58.0,7295.028
2025-07-16 14:33:39.922,358.0,59.0,7300.072
2025-07-16 14:33:44.967,498.0,58.0,7305.117
2025-07-16 14:33:50.011,438.0,59.0,7310.161
2025-07-16 14:33:55.055,316.0,59.0,7315.205
2025-07-16 14:34:00.099,458.0,60.0,7320.249
2025-07-16 14:34:05.143,498.0,60.0,7325.293
2025-07-16 14:34:10.185,420.0,59.0,7330.335
2025-07-16 14:34:15.229,258.0,60.0,7335.379
2025-07-16 14:34:20.272,398.0,59.0,7340.422
2025-07-16 14:34:25.316,398.0,59.0,7345.466
2025-07-16 14:34:30.361,378.0,60.0,7350.511
2025-07-16 14:34:35.406,498.0,59.0,7355.556
2025-07-16 14:34:40.449,358.0,59.0,7360.599
2025-07-16 14:34:45.493,360.0,59.0,7365.643
2025-07-16 14:34:50.537,438.0,60.0,7370.687
2025-07-16 14:34:55.580,498.0,59.0,7375.73
2025-07-16 14:35:00.623,478.0,59.0,7380.773
2025-07-16 14:35:05.667,498.0,60.0,7385.817
2025-07-16 14:35:10.711,338.0,60.0,7390.861
2025-07-16 14:35:15.756,266.0,0.0,7395.906
2025-07-16 14:35:20.798,630.0,59.0,7400.948
2025-07-16 14:35:25.842,610.0,60.0,7405.992
2025-07-16 14:35:30.887,1156.0,58.0,7411.037
2025-07-16 14:35:35.930,864.0,59.0,7416.08
2025-07-16 14:35:40.975,524.0,59.0,7421.125
2025-07-16 14:35:46.018,1430.0,58.0,7426.168
2025-07-16 14:35:51.062,1424.0,59.0,7431.212
2025-07-16 14:35:56.107,890.0,59.0,7436.257
2025-07-16 14:36:01.151,1430.0,58.0,7441.301
2025-07-16 14:36:06.198,1422.0,58.0,7446.348
2025-07-16 14:36:11.242,856.0,59.0,7451.392
2025-07-16 14:36:16.285,508.0,59.0,7456.435
2025-07-16 14:36:21.332,590.0,61.0,7461.482
2025-07-16 14:36:26.376,1430.0,59.0,7466.526
2025-07-16 14:36:31.422,650.0,59.0,7471.572
2025-07-16 14:36:36.466,1128.0,60.0,7476.616
2025-07-16 14:36:41.510,998.0,59.0,7481.66
2025-07-16 14:36:46.553,588.0,61.0,7486.703
2025-07-16 14:36:51.597,560.0,60.0,7491.747
2025-07-16 14:36:56.642,1422.0,59.0,7496.792
2025-07-16 14:37:01.686,1424.0,58.0,7501.836
2025-07-16 14:37:06.730,1430.0,60.0,7506.88
2025-07-16 14:37:11.777,860.0,58.0,7511.927
2025-07-16 14:37:16.824,1430.0,60.0,7516.974
2025-07-16 14:37:21.871,504.0,58.0,7522.021
2025-07-16 14:37:26.915,540.0,59.0,7527.065
2025-07-16 14:37:31.959,530.0,59.0,7532.109
2025-07-16 14:37:37.003,1270.0,59.0,7537.153
2025-07-16 14:37:42.046,864.0,59.0,7542.196
2025-07-16 14:37:47.091,850.0,59.0,7547.241
2025-07-16 14:37:52.136,690.0,60.0,7552.286
2025-07-16 14:37:57.182,1150.0,59.0,7557.332
2025-07-16 14:38:02.226,860.0,59.0,7562.376
2025-07-16 14:38:07.273,692.0,60.0,7567.423
2025-07-16 14:38:12.316,1430.0,59.0,7572.466
2025-07-16 14:38:17.363,1430.0,60.0,7577.513
2025-07-16 14:38:22.408,1290.0,60.0,7582.558
2025-07-16 14:38:27.453,1430.0,60.0,7587.603
2025-07-16 14:38:32.499,488.0,59.0,7592.649
2025-07-16 14:38:37.545,1154.0,60.0,7597.695
2025-07-16 14:38:42.589,850.0,61.0,7602.739
2025-07-16 14:38:47.634,1450.0,60.0,7607.784
2025-07-16 14:38:52.679,1290.0,60.0,7612.829
2025-07-16 14:38:57.723,1422.0,59.0,7617.873
2025-07-16 14:39:02.767,1430.0,59.0,7622.917
2025-07-16 14:39:07.809,860.0,58.0,7627.959
2025-07-16 14:39:12.854,1150.0,60.0,7633.004
2025-07-16 14:39:17.899,1430.0,59.0,7638.049
2025-07-16 14:39:22.948,522.0,61.0,7643.098
2025-07-16 14:39:27.992,458.0,59.0,7648.142
2025-07-16 14:39:33.036,458.0,59.0,7653.186
2025-07-16 14:39:38.080,460.0,60.0,7658.23
2025-07-16 14:39:43.125,460.0,59.0,7663.275
2025-07-16 14:39:48.169,1422.0,59.0,7668.319
2025-07-16 14:39:53.214,970.0,59.0,7673.364
2025-07-16 14:39:58.258,1090.0,59.0,7678.408
2025-07-16 14:40:03.303,890.0,59.0,7683.453
2025-07-16 14:40:08.348,1038.0,58.0,7688.498
2025-07-16 14:40:13.394,588.0,58.0,7693.544
2025-07-16 14:40:18.437,528.0,59.0,7698.587
2025-07-16 14:40:23.480,1430.0,59.0,7703.63
2025-07-16 14:40:28.527,1430.0,60.0,7708.677
2025-07-16 14:40:33.569,978.0,59.0,7713.719
2025-07-16 14:40:38.613,1430.0,60.0,7718.763
2025-07-16 14:40:43.659,1430.0,58.0,7723.809
2025-07-16 14:40:48.706,1108.0,59.0,7728.856
2025-07-16 14:40:53.753,724.0,37.0,7733.903
2025-07-16 14:40:58.795,420.0,60.0,7738.945
2025-07-16 14:41:03.839,498.0,60.0,7743.989
2025-07-16 14:41:08.883,518.0,60.0,7749.033
2025-07-16 14:41:13.927,518.0,60.0,7754.077
2025-07-16 14:41:18.971,420.0,60.0,7759.121
2025-07-16 14:41:24.016,418.0,60.0,7764.166
2025-07-16 14:41:29.060,396.0,59.0,7769.21
2025-07-16 14:41:34.105,296.0,32.0,7774.255
2025-07-16 14:41:39.151,498.0,61.0,7779.301
2025-07-16 14:41:44.196,440.0,62.0,7784.346
2025-07-16 14:41:49.241,498.0,62.0,7789.391
2025-07-16 14:41:54.285,518.0,62.0,7794.435
2025-07-16 14:41:59.327,418.0,61.0,7799.477
2025-07-16 14:42:04.372,518.0,62.0,7804.522
2025-07-16 14:42:09.415,498.0,61.0,7809.565
2025-07-16 14:42:14.462,498.0,62.0,7814.612
2025-07-16 14:42:19.506,418.0,62.0,7819.656
2025-07-16 14:42:24.550,398.0,62.0,7824.7
2025-07-16 14:42:29.594,458.0,62.0,7829.744
2025-07-16 14:42:34.638,420.0,62.0,7834.788
2025-07-16 14:42:39.683,498.0,61.0,7839.833
2025-07-16 14:42:44.728,420.0,63.0,7844.878
2025-07-16 14:42:49.772,298.0,62.0,7849.922
2025-07-16 14:42:54.817,358.0,62.0,7854.967
2025-07-16 14:42:59.861,458.0,63.0,7860.011
2025-07-16 14:43:04.905,398.0,62.0,7865.055
2025-07-16 14:43:09.950,378.0,63.0,7870.1
2025-07-16 14:43:14.994,498.0,63.0,7875.144
2025-07-16 14:43:20.039,478.0,63.0,7880.189
2025-07-16 14:43:25.084,418.0,63.0,7885.234
2025-07-16 14:43:30.129,498.0,62.0,7890.279
2025-07-16 14:43:35.174,518.0,62.0,7895.324
2025-07-16 14:43:40.216,418.0,62.0,7900.366
2025-07-16 14:43:45.261,396.0,62.0,7905.411
2025-07-16 14:43:50.304,458.0,63.0,7910.454
2025-07-16 14:43:55.348,440.0,62.0,7915.498
2025-07-16 14:44:00.392,268.0,11.0,7920.542
2025-07-16 14:44:05.434,1428.0,59.0,7925.584
2025-07-16 14:44:10.477,478.0,59.0,7930.627
2025-07-16 14:44:15.520,1430.0,59.0,7935.67
2025-07-16 14:44:20.566,998.0,59.0,7940.716
2025-07-16 14:44:25.610,1430.0,59.0,7945.76
2025-07-16 14:44:30.654,1430.0,59.0,7950.804
2025-07-16 14:44:35.701,890.0,59.0,7955.851
2025-07-16 14:44:40.745,1130.0,58.0,7960.895
2025-07-16 14:44:45.789,864.0,60.0,7965.939
2025-07-16 14:44:50.833,958.0,59.0,7970.983
2025-07-16 14:44:55.877,462.0,59.0,7976.027
2025-07-16 14:45:00.921,1430.0,59.0,7981.071
2025-07-16 14:45:05.968,458.0,60.0,7986.118
2025-07-16 14:45:11.011,470.0,59.0,7991.161
2025-07-16 14:45:16.056,832.0,59.0,7996.206
2025-07-16 14:45:21.100,1108.0,59.0,8001.25
2025-07-16 14:45:26.149,500.0,59.0,8006.299
2025-07-16 14:45:31.193,590.0,60.0,8011.343
2025-07-16 14:45:36.236,832.0,59.0,8016.386
2025-07-16 14:45:41.281,1190.0,59.0,8021.431
2025-07-16 14:45:46.325,454.0,59.0,8026.475
2025-07-16 14:45:51.368,560.0,59.0,8031.518
2025-07-16 14:45:56.412,1350.0,60.0,8036.562
2025-07-16 14:46:01.456,1430.0,60.0,8041.606
2025-07-16 14:46:06.502,970.0,58.0,8046.652
2025-07-16 14:46:11.547,1430.0,60.0,8051.697
2025-07-16 14:46:16.591,1430.0,59.0,8056.741
2025-07-16 14:46:21.638,1430.0,59.0,8061.788
2025-07-16 14:46:26.685,452.0,59.0,8066.835
2025-07-16 14:46:31.729,1040.0,59.0,8071.879
2025-07-16 14:46:36.772,1422.0,59.0,8076.922
2025-07-16 14:46:41.814,1430.0,59.0,8081.964
2025-07-16 14:46:46.861,1152.0,59.0,8087.011
2025-07-16 14:46:51.905,1430.0,59.0,8092.055
2025-07-16 14:46:56.952,1004.0,59.0,8097.102
2025-07-16 14:47:01.996,860.0,59.0,8102.146
2025-07-16 14:47:07.042,850.0,59.0,8107.192
2025-07-16 14:47:12.086,1150.0,58.0,8112.236
2025-07-16 14:47:17.129,1330.0,59.0,8117.279
2025-07-16 14:47:22.174,462.0,59.0,8122.324
2025-07-16 14:47:27.219,508.0,59.0,8127.369
2025-07-16 14:47:32.265,1422.0,59.0,8132.415
2025-07-16 14:47:37.308,1230.0,58.0,8137.458
2025-07-16 14:47:42.354,1150.0,59.0,8142.504
2025-07-16 14:47:47.398,650.0,59.0,8147.548
2025-07-16 14:47:52.441,860.0,59.0,8152.591
2025-07-16 14:47:57.491,1010.0,59.0,8157.641
2025-07-16 14:48:02.538,854.0,59.0,8162.688
2025-07-16 14:48:07.582,1430.0,59.0,8167.732
2025-07-16 14:48:12.627,1158.0,60.0,8172.777
2025-07-16 14:48:17.671,856.0,60.0,8177.821
2025-07-16 14:48:22.715,1430.0,59.0,8182.865
2025-07-16 14:48:27.759,1430.0,59.0,8187.909
2025-07-16 14:48:32.806,854.0,59.0,8192.956
2025-07-16 14:48:37.850,916.0,59.0,8198.0
2025-07-16 14:48:42.894,1430.0,58.0,8203.044
2025-07-16 14:48:47.942,690.0,59.0,8208.092
2025-07-16 14:48:52.987,1110.0,59.0,8213.137
2025-07-16 14:48:58.030,484.0,60.0,8218.18
2025-07-16 14:49:03.074,1430.0,60.0,8223.224
2025-07-16 14:49:08.121,560.0,59.0,8228.271
2025-07-16 14:49:13.166,1238.0,60.0,8233.316
2025-07-16 14:49:18.210,580.0,58.0,8238.36
2025-07-16 14:49:23.254,860.0,59.0,8243.404
2025-07-16 14:49:28.299,1110.0,61.0,8248.449
2025-07-16 14:49:33.344,1430.0,59.0,8253.494
2025-07-16 14:49:38.387,724.0,16.0,8258.537
2025-07-16 14:49:43.428,518.0,60.0,8263.578
2025-07-16 14:49:48.473,498.0,59.0,8268.623
2025-07-16 14:49:53.518,518.0,59.0,8273.668
2025-07-16 14:49:58.561,498.0,59.0,8278.711
2025-07-16 14:50:03.605,458.0,59.0,8283.755
2025-07-16 14:50:08.651,278.0,60.0,8288.801
2025-07-16 14:50:13.695,318.0,60.0,8293.845
2025-07-16 14:50:18.739,440.0,60.0,8298.889
2025-07-16 14:50:23.783,396.0,60.0,8303.933
2025-07-16 14:50:28.827,398.0,60.0,8308.977
2025-07-16 14:50:33.872,518.0,60.0,8314.022
2025-07-16 14:50:38.915,518.0,60.0,8319.065
2025-07-16 14:50:43.957,438.0,60.0,8324.107
2025-07-16 14:50:49.001,498.0,60.0,8329.151
2025-07-16 14:50:54.047,498.0,60.0,8334.197
2025-07-16 14:50:59.091,478.0,60.0,8339.241
2025-07-16 14:51:04.135,356.0,60.0,8344.285
2025-07-16 14:51:09.178,498.0,60.0,8349.328
2025-07-16 14:51:14.222,378.0,60.0,8354.372
2025-07-16 14:51:19.265,358.0,60.0,8359.415
2025-07-16 14:51:24.309,518.0,60.0,8364.459
2025-07-16 14:51:29.354,518.0,61.0,8369.504
2025-07-16 14:51:34.398,398.0,61.0,8374.548
2025-07-16 14:51:39.442,518.0,61.0,8379.592
2025-07-16 14:51:44.485,298.0,60.0,8384.635
2025-07-16 14:51:49.529,378.0,61.0,8389.679
2025-07-16 14:51:54.573,518.0,61.0,8394.723
2025-07-16 14:51:59.617,380.0,61.0,8399.767
2025-07-16 14:52:04.661,418.0,58.0,8404.811
2025-07-16 14:52:09.705,358.0,61.0,8409.855
2025-07-16 14:52:14.749,398.0,61.0,8414.899
2025-07-16 14:52:19.792,498.0,60.0,8419.942
2025-07-16 14:52:24.837,498.0,61.0,8424.987
2025-07-16 14:52:29.881,518.0,62.0,8430.031
2025-07-16 14:52:34.925,518.0,60.0,8435.075
2025-07-16 14:52:39.969,518.0,60.0,8440.119
2025-07-16 14:52:45.014,478.0,60.0,8445.164
2025-07-16 14:52:50.058,268.0,61.0,8450.208
2025-07-16 14:52:55.100,1430.0,60.0,8455.25
2025-07-16 14:53:00.147,1048.0,61.0,8460.297
2025-07-16 14:53:05.192,1430.0,60.0,8465.342
2025-07-16 14:53:10.239,1430.0,59.0,8470.389
2025-07-16 14:53:15.285,1390.0,59.0,8475.435
2025-07-16 14:53:20.331,1430.0,59.0,8480.481
2025-07-16 14:53:25.377,1430.0,59.0,8485.527
2025-07-16 14:53:30.424,480.0,59.0,8490.574
2025-07-16 14:53:35.467,1170.0,59.0,8495.617
2025-07-16 14:53:40.511,1190.0,59.0,8500.661
2025-07-16 14:53:45.556,650.0,59.0,8505.706
2025-07-16 14:53:50.600,1430.0,60.0,8510.75
2025-07-16 14:53:55.646,868.0,59.0,8515.796
2025-07-16 14:54:00.691,1422.0,60.0,8520.841
2025-07-16 14:54:05.735,1430.0,60.0,8525.885
2025-07-16 14:54:10.784,1430.0,60.0,8530.934
2025-07-16 14:54:15.830,540.0,58.0,8535.98
2025-07-16 14:54:20.873,888.0,59.0,8541.023
2025-07-16 14:54:25.917,978.0,59.0,8546.067
2025-07-16 14:54:30.961,1430.0,59.0,8551.111
2025-07-16 14:54:36.007,588.0,59.0,8556.157
2025-07-16 14:54:41.051,1430.0,60.0,8561.201
2025-07-16 14:54:46.099,1430.0,59.0,8566.249
2025-07-16 14:54:51.146,916.0,60.0,8571.296
2025-07-16 14:54:56.190,690.0,61.0,8576.34
2025-07-16 14:55:01.234,610.0,60.0,8581.384
2025-07-16 14:55:06.278,1430.0,59.0,8586.428
2025-07-16 14:55:11.327,1046.0,61.0,8591.477
2025-07-16 14:55:16.370,1430.0,60.0,8596.52
2025-07-16 14:55:21.416,860.0,58.0,8601.566
2025-07-16 14:55:26.460,530.0,59.0,8606.61
2025-07-16 14:55:31.505,458.0,61.0,8611.655
2025-07-16 14:55:36.548,1108.0,58.0,8616.698
2025-07-16 14:55:41.594,1430.0,59.0,8621.744
2025-07-16 14:55:46.639,1230.0,59.0,8626.789
2025-07-16 14:55:51.685,1430.0,60.0,8631.835
2025-07-16 14:55:56.730,1430.0,59.0,8636.88
2025-07-16 14:56:01.775,1258.0,59.0,8641.925
2025-07-16 14:56:06.818,860.0,59.0,8646.968
2025-07-16 14:56:11.863,860.0,59.0,8652.013
2025-07-16 14:56:16.907,1430.0,59.0,8657.057
2025-07-16 14:56:21.953,690.0,60.0,8662.103
2025-07-16 14:56:26.997,690.0,59.0,8667.147
2025-07-16 14:56:32.041,1430.0,60.0,8672.191
2025-07-16 14:56:37.085,1210.0,59.0,8677.235
2025-07-16 14:56:42.128,462.0,60.0,8682.278
2025-07-16 14:56:47.172,914.0,59.0,8687.322
2025-07-16 14:56:52.216,482.0,58.0,8692.366
2025-07-16 14:56:57.261,854.0,60.0,8697.411
2025-07-16 14:57:02.304,860.0,59.0,8702.454
2025-07-16 14:57:07.351,854.0,59.0,8707.501
2025-07-16 14:57:12.395,1430.0,59.0,8712.545
2025-07-16 14:57:17.443,478.0,60.0,8717.593
2025-07-16 14:57:22.486,1088.0,60.0,8722.636
2025-07-16 14:57:27.529,1198.0,59.0,8727.679
2025-07-16 14:57:32.573,690.0,59.0,8732.723
2025-07-16 14:57:37.618,1430.0,60.0,8737.768
2025-07-16 14:57:42.667,862.0,59.0,8742.817
2025-07-16 14:57:47.710,1024.0,59.0,8747.86
2025-07-16 14:57:52.755,860.0,59.0,8752.905
2025-07-16 14:57:57.800,630.0,60.0,8757.95
2025-07-16 14:58:02.843,868.0,59.0,8762.993
2025-07-16 14:58:07.886,852.0,59.0,8768.036
2025-07-16 14:58:12.930,918.0,59.0,8773.08
2025-07-16 14:58:17.975,1430.0,59.0,8778.125
2025-07-16 14:58:23.022,888.0,59.0,8783.172
2025-07-16 14:58:28.067,472.0,33.0,8788.217
2025-07-16 14:58:33.112,492.0,61.0,8793.262
2025-07-16 14:58:38.156,392.0,62.0,8798.306
2025-07-16 14:58:43.200,452.0,62.0,8803.35
2025-07-16 14:58:48.243,492.0,62.0,8808.393
2025-07-16 14:58:53.287,492.0,62.0,8813.437
2025-07-16 14:58:58.330,492.0,62.0,8818.48
2025-07-16 14:59:03.373,492.0,62.0,8823.523
2025-07-16 14:59:08.419,352.0,61.0,8828.569
2025-07-16 14:59:13.462,272.0,62.0,8833.612
2025-07-16 14:59:18.506,472.0,62.0,8838.656
2025-07-16 14:59:23.551,392.0,62.0,8843.701
2025-07-16 14:59:28.594,352.0,62.0,8848.744
2025-07-16 14:59:33.639,492.0,62.0,8853.789
2025-07-16 14:59:38.683,392.0,62.0,8858.833
2025-07-16 14:59:43.727,472.0,62.0,8863.877
2025-07-16 14:59:48.773,492.0,62.0,8868.923
2025-07-16 14:59:53.818,394.0,62.0,8873.968
2025-07-16 14:59:58.861,492.0,62.0,8879.011
2025-07-16 15:00:03.907,492.0,63.0,8884.057
2025-07-16 15:00:08.950,472.0,63.0,8889.1
2025-07-16 15:00:13.994,492.0,62.0,8894.144
2025-07-16 15:00:19.038,292.0,62.0,8899.188
2025-07-16 15:00:24.081,472.0,63.0,8904.231
2025-07-16 15:00:29.128,272.0,63.0,8909.278
2025-07-16 15:00:34.172,492.0,63.0,8914.322
2025-07-16 15:00:39.216,492.0,63.0,8919.366
2025-07-16 15:00:44.261,392.0,62.0,8924.411
2025-07-16 15:00:49.305,372.0,62.0,8929.455
2025-07-16 15:00:54.351,472.0,62.0,8934.501
2025-07-16 15:00:59.395,314.0,64.0,8939.545
2025-07-16 15:01:04.438,472.0,63.0,8944.588
2025-07-16 15:01:09.481,414.0,63.0,8949.631
2025-07-16 15:01:14.525,272.0,63.0,8954.675
2025-07-16 15:01:19.569,292.0,64.0,8959.719
2025-07-16 15:01:24.612,264.0,0.0,8964.762
2025-07-16 15:01:29.655,1428.0,60.0,8969.805
2025-07-16 15:01:34.699,1330.0,59.0,8974.849
2025-07-16 15:01:39.743,1430.0,59.0,8979.893
2025-07-16 15:01:44.791,1128.0,59.0,8984.941
2025-07-16 15:01:49.836,526.0,58.0,8989.986
2025-07-16 15:01:54.880,860.0,59.0,8995.03
2025-07-16 15:01:59.925,860.0,60.0,9000.075
2025-07-16 15:02:04.968,1430.0,59.0,9005.118
2025-07-16 15:02:10.015,478.0,59.0,9010.165
2025-07-16 15:02:15.058,610.0,59.0,9015.208
2025-07-16 15:02:20.103,862.0,59.0,9020.253
2025-07-16 15:02:25.146,1430.0,59.0,9025.296
2025-07-16 15:02:30.194,908.0,59.0,9030.344
2025-07-16 15:02:35.238,1430.0,59.0,9035.388
2025-07-16 15:02:40.285,1430.0,59.0,9040.435
2025-07-16 15:02:45.330,1430.0,59.0,9045.48
2025-07-16 15:02:50.377,492.0,60.0,9050.527
2025-07-16 15:02:55.420,692.0,60.0,9055.57
2025-07-16 15:03:00.465,690.0,60.0,9060.615
2025-07-16 15:03:05.511,1290.0,60.0,9065.661
2025-07-16 15:03:10.555,690.0,60.0,9070.705
2025-07-16 15:03:15.601,520.0,60.0,9075.751
2025-07-16 15:03:20.647,1430.0,59.0,9080.797
2025-07-16 15:03:25.693,1156.0,59.0,9085.843
2025-07-16 15:03:30.736,1430.0,59.0,9090.886
2025-07-16 15:03:35.783,1430.0,59.0,9095.933
2025-07-16 15:03:40.828,930.0,59.0,9100.978
2025-07-16 15:03:45.873,890.0,60.0,9106.023
2025-07-16 15:03:50.917,1430.0,60.0,9111.067
2025-07-16 15:03:55.962,630.0,58.0,9116.112
2025-07-16 15:04:01.008,860.0,59.0,9121.158
2025-07-16 15:04:06.053,1430.0,59.0,9126.203
2025-07-16 15:04:11.100,1430.0,59.0,9131.25
2025-07-16 15:04:16.146,1430.0,59.0,9136.296
2025-07-16 15:04:21.192,1148.0,59.0,9141.342
2025-07-16 15:04:26.236,860.0,60.0,9146.386
2025-07-16 15:04:31.283,1430.0,59.0,9151.433
2025-07-16 15:04:36.330,860.0,59.0,9156.48
2025-07-16 15:04:41.377,1430.0,59.0,9161.527
2025-07-16 15:04:46.424,854.0,58.0,9166.574
2025-07-16 15:04:51.468,500.0,59.0,9171.618
2025-07-16 15:04:56.513,1426.0,60.0,9176.663
2025-07-16 15:05:01.557,1330.0,59.0,9181.707
2025-07-16 15:05:06.602,1022.0,60.0,9186.752
2025-07-16 15:05:11.646,494.0,59.0,9191.796
2025-07-16 15:05:16.690,1430.0,59.0,9196.84
2025-07-16 15:05:21.736,1430.0,59.0,9201.886
2025-07-16 15:05:26.784,528.0,59.0,9206.934
2025-07-16 15:05:31.828,860.0,59.0,9211.978
2025-07-16 15:05:36.874,852.0,58.0,9217.024
2025-07-16 15:05:41.919,670.0,59.0,9222.069
2025-07-16 15:05:46.963,1430.0,59.0,9227.113
2025-07-16 15:05:52.011,1170.0,59.0,9232.161
2025-07-16 15:05:57.055,528.0,60.0,9237.205
2025-07-16 15:06:02.099,540.0,58.0,9242.249
2025-07-16 15:06:07.143,690.0,58.0,9247.293
2025-07-16 15:06:12.189,918.0,60.0,9252.339
2025-07-16 15:06:17.233,978.0,59.0,9257.383
2025-07-16 15:06:22.276,1046.0,58.0,9262.426
2025-07-16 15:06:27.320,486.0,59.0,9267.47
2025-07-16 15:06:32.363,1430.0,59.0,9272.513
2025-07-16 15:06:37.411,610.0,59.0,9277.561
2025-07-16 15:06:42.455,770.0,59.0,9282.605
2025-07-16 15:06:47.500,1108.0,60.0,9287.65
2025-07-16 15:06:52.544,1152.0,59.0,9292.694
2025-07-16 15:06:57.590,860.0,60.0,9297.74
2025-07-16 15:07:02.633,724.0,7.0,9302.783
2025-07-16 15:07:07.675,296.0,60.0,9307.825
2025-07-16 15:07:12.720,518.0,61.0,9312.87
2025-07-16 15:07:17.765,336.0,61.0,9317.915
2025-07-16 15:07:22.809,440.0,60.0,9322.959
2025-07-16 15:07:27.852,518.0,61.0,9328.002
2025-07-16 15:07:32.898,338.0,60.0,9333.048
2025-07-16 15:07:37.941,400.0,61.0,9338.091
2025-07-16 15:07:42.984,478.0,60.0,9343.134
2025-07-16 15:07:48.027,518.0,60.0,9348.177
2025-07-16 15:07:53.074,418.0,60.0,9353.224
2025-07-16 15:07:58.117,378.0,60.0,9358.267
2025-07-16 15:08:03.162,518.0,60.0,9363.312
2025-07-16 15:08:08.205,478.0,60.0,9368.355
2025-07-16 15:08:13.249,518.0,60.0,9373.399
2025-07-16 15:08:18.292,340.0,60.0,9378.442
2025-07-16 15:08:23.334,418.0,60.0,9383.484
2025-07-16 15:08:28.378,498.0,60.0,9388.528
2025-07-16 15:08:33.424,518.0,60.0,9393.574
2025-07-16 15:08:38.467,440.0,60.0,9398.617
2025-07-16 15:08:43.511,276.0,60.0,9403.661
2025-07-16 15:08:48.554,296.0,60.0,9408.704
2025-07-16 15:08:53.598,518.0,60.0,9413.748
2025-07-16 15:08:58.642,518.0,60.0,9418.792
2025-07-16 15:09:03.686,518.0,60.0,9423.836
2025-07-16 15:09:08.729,518.0,61.0,9428.879
2025-07-16 15:09:13.773,518.0,61.0,9433.923
2025-07-16 15:09:18.818,398.0,60.0,9438.968
2025-07-16 15:09:23.863,398.0,61.0,9444.013
2025-07-16 15:09:28.908,518.0,60.0,9449.058
2025-07-16 15:09:33.950,498.0,60.0,9454.1
2025-07-16 15:09:38.996,518.0,61.0,9459.146
2025-07-16 15:09:44.040,518.0,61.0,9464.19
2025-07-16 15:09:49.084,418.0,61.0,9469.234
2025-07-16 15:09:54.126,278.0,61.0,9474.276
2025-07-16 15:09:59.170,518.0,61.0,9479.32
2025-07-16 15:10:04.214,498.0,60.0,9484.364
2025-07-16 15:10:09.259,518.0,61.0,9489.409
2025-07-16 15:10:14.303,268.0,1.0,9494.453
2025-07-16 15:10:19.344,478.0,69.0,9499.494
2025-07-16 15:10:24.389,458.0,69.0,9504.539
2025-07-16 15:10:29.435,418.0,69.0,9509.585
2025-07-16 15:10:34.480,458.0,69.0,9514.63
2025-07-16 15:10:39.525,356.0,69.0,9519.675
2025-07-16 15:10:44.568,236.0,69.0,9524.718
2025-07-16 15:10:49.612,278.0,69.0,9529.762
2025-07-16 15:10:54.657,478.0,69.0,9534.807
2025-07-16 15:10:59.702,398.0,69.0,9539.852
2025-07-16 15:11:04.747,458.0,69.0,9544.897
2025-07-16 15:11:09.791,478.0,69.0,9549.941
2025-07-16 15:11:14.836,438.0,69.0,9554.986
2025-07-16 15:11:19.879,256.0,69.0,9560.029
2025-07-16 15:11:24.924,356.0,70.0,9565.074
2025-07-16 15:11:29.968,256.0,69.0,9570.118
2025-07-16 15:11:35.011,458.0,69.0,9575.161
2025-07-16 15:11:40.056,458.0,69.0,9580.206
2025-07-16 15:11:45.101,478.0,69.0,9585.251
2025-07-16 15:11:50.146,458.0,69.0,9590.296
2025-07-16 15:11:55.190,258.0,70.0,9595.34
2025-07-16 15:12:00.235,256.0,69.0,9600.385
2025-07-16 15:12:05.279,478.0,69.0,9605.429
2025-07-16 15:12:10.325,378.0,70.0,9610.475
2025-07-16 15:12:15.369,478.0,70.0,9615.519
2025-07-16 15:12:20.413,318.0,69.0,9620.563
2025-07-16 15:12:25.458,378.0,69.0,9625.608
2025-07-16 15:12:30.502,378.0,69.0,9630.652
2025-07-16 15:12:35.547,478.0,70.0,9635.697
2025-07-16 15:12:40.590,334.0,0.0,9640.74
2025-07-16 15:12:45.633,2004.0,67.0,9645.783
2025-07-16 15:12:50.678,2004.0,67.0,9650.828
2025-07-16 15:12:55.723,1984.0,67.0,9655.873
2025-07-16 15:13:00.766,1924.0,67.0,9660.916
2025-07-16 15:13:05.810,1820.0,67.0,9665.96
2025-07-16 15:13:10.854,1984.0,66.0,9671.004
2025-07-16 15:13:15.898,2004.0,66.0,9676.048
2025-07-16 15:13:20.941,1724.0,66.0,9681.091
2025-07-16 15:13:25.986,1640.0,66.0,9686.136
2025-07-16 15:13:31.029,1482.0,66.0,9691.179
2025-07-16 15:13:36.075,1480.0,66.0,9696.225
2025-07-16 15:13:41.119,2004.0,66.0,9701.269
2025-07-16 15:13:46.163,1980.0,66.0,9706.313
2025-07-16 15:13:51.207,1740.0,66.0,9711.357
2025-07-16 15:13:56.253,2004.0,66.0,9716.403
2025-07-16 15:14:01.298,1660.0,66.0,9721.448
2025-07-16 15:14:06.343,2004.0,66.0,9726.493
2025-07-16 15:14:11.388,1984.0,66.0,9731.538
2025-07-16 15:14:16.431,2004.0,65.0,9736.581
2025-07-16 15:14:21.476,1740.0,66.0,9741.626
2025-07-16 15:14:26.521,1640.0,66.0,9746.671
2025-07-16 15:14:31.565,1984.0,65.0,9751.715
2025-07-16 15:14:36.611,2004.0,66.0,9756.761
2025-07-16 15:14:41.655,1400.0,0.0,9761.805
2025-07-16 15:14:46.698,1400.0,0.0,9766.848
2025-07-16 15:14:51.741,1400.0,0.0,9771.891
2025-07-16 15:14:56.783,184.0,0.0,9776.933
